CustomerID,CompanyName,Industry,Country,City,EmployeeCount,SignupDate,AcquisitionChannel,TotalMRR,Seats,Plan,Status,Logins,SessionMinutes,Tickets,Satisfaction,TenureMonths,RevenuePerSeat,TicketsPerMonth,Outlier
C1001,Ishaan Joshi Systems,Unknown,India,Hyderabad,80.0,2023-07-02,Paid Ads,278.6,6.0,Growth,Churned,9.25,140.0875,4.0,6.5,39.13333333333333,46.43333333333334,0.10221465076660988,False
C1002,Tara Sharma Technologies,Finance,Uk,London,12.0,2024-02-21,Referral,246.76,4.0,Growth,Active,19.727272727272727,274.6454545454545,4.0,7.0,31.333333333333332,61.69,0.12765957446808512,False
C1003,Zoya Das Systems,Finance,Uae,Dubai,1200.0,2023-09-12,Organic Search,278.6,6.0,Growth,Active,11.6875,295.8875,3.0,3.0,36.733333333333334,46.43333333333334,0.08166969147005444,False
C1004,Diya Joshi Labs,Retail,Uk,Manchester,400.0,2024-03-01,Partner,80.36,9.0,Starter,Active,8.2,253.0,,,31.033333333333335,8.928888888888888,,False
C1005,Tara Joshi Systems,Logistics,Uk,London,1200.0,2023-12-29,Outbound,618.76,4.0,Business,Churned,10.23076923076923,161.69230769230768,3.0,6.0,33.13333333333333,154.69,0.09054325955734406,False
C1006,Sanjay Reddy Labs,Manufacturing,India,Hyderabad,35.0,2024-09-15,Organic Search,1618.92,2.0,Enterprise,Active,21.5,194.55,3.0,6.0,24.433333333333334,809.46,0.12278308321964529,False
C1007,Sai Das Technologies,Logistics,India,Delhi,12.0,2023-03-26,Referral,658.68,5.0,Business,Active,5.318181818181818,262.67727272727274,2.0,8.5,42.4,131.736,0.04716981132075472,False
C1008,Nikita Gupta Solutions,Logistics,Uae,Abu Dhabi,400.0,2024-02-21,Paid Ads,818.36,9.0,Business,Active,14.090909090909092,262.02727272727276,2.0,7.5,31.333333333333332,90.92888888888889,0.06382978723404256,False
C1009,Rohan Patel Technologies,Education,Uae,Abu Dhabi,3000.0,2023-07-27,Outbound,2098.6,6.0,Enterprise,Active,12.222222222222221,276.29999999999995,4.0,5.75,38.3,349.76666666666665,0.10443864229765014,True
C1010,Tara Iyer Labs,Manufacturing,India,Pune,12.0,2023-11-15,Partner,278.6,6.0,Growth,Churned,13.5,167.43333333333334,6.0,5.333333333333333,34.6,46.43333333333334,0.17341040462427745,False
C1011,Rohan Iyer Solutions,Retail,Uae,Dubai,400.0,2023-05-11,Organic Search,262.68,5.0,Growth,Active,4.8,260.665,2.0,4.5,40.86666666666667,52.536,0.048939641109298535,False
C1012,Meera Patel Labs,Healthcare,Uae,Dubai,35.0,2023-02-15,Events,1978.68,5.0,Enterprise,Churned,1.4,171.53,1.0,5.0,43.7,395.736,0.02288329519450801,True
C1013,Farhan Das Industries,Retail,Uk,London,12.0,2024-12-10,Organic Search,1931.28,11.0,Starter,Active,0.0,242.1,1.0,6.0,21.566666666666666,175.57090909090908,0.04636785162287481,True
C1014,Rahul Patel Industries,Media,India,Chennai,1200.0,2024-07-10,Partner,68.6,6.0,Starter,Active,6.166666666666667,279.0833333333333,2.0,6.0,26.666666666666668,11.433333333333332,0.075,False
C1015,Sanjay Gupta Industries,Finance,India,Mumbai,35.0,2024-01-15,Partner,246.76,4.0,Growth,Active,5.083333333333333,263.19166666666666,3.0,5.0,32.56666666666667,61.69,0.09211873080859774,False
C1016,Diya Singh Industries,Media,Uk,Manchester,35.0,2024-01-16,Paid Ads,978.04,13.0,Business,Churned,3.1666666666666665,143.39166666666668,4.0,6.5,32.53333333333333,75.23384615384614,0.12295081967213116,False
C1017,Rahul Reddy Solutions,Unknown,Usa,Seattle,12.0,2024-06-05,Paid Ads,60.76,4.0,Starter,Active,3.4285714285714284,261.31428571428575,3.0,4.0,27.833333333333332,15.19,0.10778443113772455,False
C1018,Myra Khan Systems,Finance,Usa,Boston,150.0,2024-03-06,Referral,2098.6,6.0,Enterprise,Active,8.7,275.96,6.0,4.333333333333333,30.866666666666667,349.76666666666665,0.19438444924406048,True
C1019,Deepak Nair Labs,Finance,Singapore,Singapore,150.0,2024-04-30,Outbound,326.36,9.0,Growth,Active,16.555555555555557,274.7,2.0,5.5,29.033333333333335,36.26222222222222,0.06888633754305395,False
C1020,Saanvi Menon Group,Retail,India,Chennai,400.0,2023-12-04,Referral,68.6,6.0,Starter,Churned,7.857142857142857,163.57142857142858,5.0,5.8,33.96666666666667,11.433333333333332,0.14720314033366044,False
C1021,Vivaan Singh Systems,Finance,Usa,Seattle,35.0,2023-05-14,Organic Search,76.44,8.0,Starter,Active,13.2,246.51500000000001,4.0,4.75,40.766666666666666,9.555,0.09811937857726902,False
C1022,Rahul Singh Technologies,Retail,Usa,Boston,400.0,2023-09-26,Organic Search,64.68,5.0,Starter,Active,2.75,238.99375,8.0,6.125,36.266666666666666,12.936000000000002,0.22058823529411764,False
C1023,Meera Menon Industries,Media,Usa,Boston,35.0,2024-08-02,Referral,778.44,8.0,Business,Active,2.8,272.41999999999996,5.0,5.8,25.9,97.305,0.19305019305019305,False
C1024,Vivaan Verma Solutions,Retail,India,Bengaluru,12.0,2024-10-17,Paid Ads,246.76,4.0,Growth,Active,15.666666666666666,256.8,2.0,5.5,23.366666666666667,61.69,0.08559201141226819,False
C1025,Diya Singh Labs,Manufacturing,Usa,Seattle,1200.0,2023-04-22,Outbound,262.68,5.0,Growth,Active,3.3333333333333335,267.2761904761905,4.0,4.5,41.5,52.536,0.0963855421686747,False
C1026,Vivaan Singh Solutions,Manufacturing,India,Mumbai,12.0,2024-05-04,Organic Search,698.6,6.0,Business,Churned,7.75,150.5125,1.0,4.0,28.9,116.43333333333334,0.03460207612456748,False
C1027,Vihaan Bose Group,Manufacturing,India,Bengaluru,3000.0,2023-05-06,Paid Ads,778.44,8.0,Business,Churned,3.0,153.11666666666667,2.0,7.0,41.03333333333333,97.305,0.0487408610885459,False
C1028,Ananya Gupta Solutions,Manufacturing,India,Chennai,3000.0,2023-06-06,Partner,294.52,7.0,Growth,Churned,10.842105263157896,158.29999999999998,4.0,5.0,40.0,42.074285714285715,0.1,False
C1029,Sai Khan Technologies,Manufacturing,India,Pune,3000.0,2024-01-20,Referral,698.6,6.0,Business,Active,6.75,264.81666666666666,6.0,6.333333333333333,32.4,116.43333333333334,0.1851851851851852,False
C1030,Rohan Bose Solutions,Finance,India,Delhi,1200.0,2023-04-24,Referral,2458.36,9.0,Enterprise,Active,18.857142857142858,270.2857142857143,2.0,6.0,41.43333333333333,273.1511111111111,0.048270313757039426,True
C1031,Isha Khan Technologies,Logistics,India,Bengaluru,400.0,2025-01-26,Organic Search,294.52,7.0,Growth,Active,,,3.0,6.666666666666667,20.0,42.074285714285715,0.15,False
C1032,Naveen Menon Industries,Retail,India,Pune,1200.0,2025-01-09,Events,60.76,4.0,Starter,Active,,,5.0,4.0,20.566666666666666,15.19,0.24311183144246354,False
C1033,Arun Sharma Industries,Logistics,India,Delhi,35.0,2023-11-30,Paid Ads,342.28,10.0,Growth,Active,10.428571428571429,266.45,5.0,5.4,34.1,34.227999999999994,0.14662756598240467,False
C1034,Sneha Rao Industries,Healthcare,India,Bengaluru,12.0,2025-01-26,Events,2578.28,10.0,Enterprise,Active,,,3.0,4.666666666666667,20.0,257.82800000000003,0.15,True
C1035,Arjun Gupta Industries,Unknown,Singapore,Singapore,80.0,2023-06-21,Outbound,1978.68,5.0,Enterprise,Active,9.0,284.2421052631579,7.0,5.571428571428571,39.5,395.736,0.17721518987341772,True
C1036,Krishna Sharma Solutions,Retail,India,Mumbai,1200.0,2023-08-24,Organic Search,80.36,9.0,Starter,Active,9.882352941176471,232.74117647058824,6.0,5.833333333333333,37.36666666666667,8.928888888888888,0.16057091882247992,False
C1037,Diya Das Industries,Education,Uae,Abu Dhabi,150.0,2024-02-26,Partner,1978.68,5.0,Enterprise,Churned,3.8181818181818183,173.79090909090908,3.0,5.666666666666667,31.166666666666668,395.736,0.0962566844919786,True
C1038,Sneha Menon Industries,Logistics,India,Hyderabad,35.0,2023-05-06,Outbound,246.76,4.0,Growth,Churned,5.071428571428571,134.1357142857143,4.0,4.25,41.03333333333333,61.69,0.0974817221770918,False
C1039,Arjun Iyer Systems,Logistics,India,Chennai,12.0,2023-03-23,Referral,76.44,8.0,Starter,Active,3.772727272727273,244.15454545454543,2.0,6.5,42.5,9.555,0.047058823529411764,False
C1040,Reyansh Nair Labs,Retail,Uk,London,12.0,2024-02-13,Paid Ads,326.36,9.0,Growth,Active,8.363636363636363,231.4181818181818,4.0,5.75,31.6,36.26222222222222,0.12658227848101264,False
C1041,Sanjay Khan Systems,Manufacturing,India,Pune,12.0,2023-12-30,Outbound,437.8,16.0,Growth,Active,8.538461538461538,243.34615384615384,2.0,5.5,33.1,27.3625,0.060422960725075525,False
C1042,Meera Iyer Industries,Finance,Uk,London,35.0,2023-05-12,Paid Ads,60.76,4.0,Starter,Active,15.55,259.895,3.0,6.0,40.833333333333336,15.19,0.07346938775510203,False
C1043,Aadhya Khan Systems,Manufacturing,Usa,Seattle,35.0,2023-07-25,Paid Ads,698.6,6.0,Business,Churned,9.61111111111111,183.34444444444443,2.0,4.0,38.36666666666667,116.43333333333334,0.052128583840139006,False
C1044,Krishna Bose Solutions,Retail,Usa,Austin,400.0,2024-07-08,Paid Ads,246.76,4.0,Growth,Churned,13.0,180.86666666666667,3.0,5.0,26.733333333333334,61.69,0.11221945137157106,False
C1045,Kavya Verma Solutions,Retail,Usa,Austin,12.0,2024-06-10,Paid Ads,2578.28,10.0,Enterprise,Active,8.714285714285714,241.20000000000002,5.0,6.4,27.666666666666668,257.82800000000003,0.18072289156626506,True
C1046,Tara Patel Industries,Retail,India,Chennai,12.0,2023-09-04,Organic Search,294.52,3.0,Enterprise,Churned,2.1875,165.7875,6.0,5.833333333333333,37.0,98.17333333333333,0.16216216216216217,False
C1047,Rohan Das Technologies,Media,India,Hyderabad,150.0,2024-06-01,Paid Ads,80.36,9.0,Starter,Active,20.0,233.7428571428571,1.0,5.0,27.966666666666665,8.928888888888888,0.03575685339690107,False
C1048,Aman Singh Labs,Finance,India,Mumbai,80.0,2023-07-25,Paid Ads,658.68,5.0,Business,Active,3.4444444444444446,193.27222222222224,3.0,5.0,38.36666666666667,131.736,0.07819287576020852,False
C1049,Farhan Gupta Labs,Education,Usa,Boston,12.0,2024-10-06,Organic Search,4676.88,16.0,Enterprise,Active,10.666666666666666,228.63333333333335,7.0,6.714285714285714,23.733333333333334,292.305,0.2949438202247191,True
C1050,Arun Khan Solutions,Retail,Uae,Abu Dhabi,150.0,2023-07-09,Organic Search,1825.3600000000001,10.0,Enterprise,Churned,9.181818181818182,203.86363636363637,3.0,6.0,38.9,182.536,0.07712082262210797,True
C1051,Priya Gupta Labs,Manufacturing,Singapore,Singapore,400.0,2024-08-01,Partner,262.68,5.0,Growth,Active,18.4,257.26,5.0,7.2,25.933333333333334,52.536,0.1928020565552699,False
C1052,Aadhya Reddy Labs,Finance,Usa,Austin,150.0,2024-05-10,Organic Search,390.04,13.0,Growth,Active,11.5,266.4875,4.0,5.25,28.7,30.003076923076925,0.13937282229965156,False
C1053,Sanjay Joshi Group,Finance,Uk,London,1200.0,2023-05-25,Partner,310.44,8.0,Growth,Churned,5.6,134.4933333333333,2.0,6.5,40.4,38.805,0.04950495049504951,False
C1054,Arjun Bose Group,Manufacturing,India,Chennai,80.0,2024-11-14,Paid Ads,818.36,9.0,Business,Active,7.0,412.45,3.0,5.333333333333333,22.433333333333334,90.92888888888889,0.1337295690936107,False
C1055,Arun Rao Technologies,Education,Uk,Manchester,12.0,2023-03-25,Referral,68.6,6.0,Starter,Churned,7.444444444444445,145.66111111111113,3.0,6.0,42.43333333333333,11.433333333333332,0.07069913589945012,False
C1056,Kavya Rao Systems,Healthcare,India,Pune,80.0,2024-07-30,Events,658.68,5.0,Business,Active,2.3333333333333335,280.2833333333333,4.0,4.5,26.0,131.736,0.15384615384615385,False
C1057,Reyansh Joshi Industries,Media,India,Delhi,1200.0,2023-11-12,Referral,76.44,8.0,Starter,Active,18.571428571428573,219.79285714285714,1.0,9.0,34.7,9.555,0.02881844380403458,False
C1058,Riya Das Labs,Healthcare,India,Chennai,12.0,2024-08-27,Referral,64.68,5.0,Starter,Churned,9.0,144.8,1.0,9.0,25.066666666666666,12.936000000000002,0.0398936170212766,False
C1059,Myra Verma Labs,Media,Singapore,Singapore,80.0,2024-07-16,Organic Search,658.68,5.0,Business,Active,18.833333333333332,264.55,2.0,6.5,26.466666666666665,131.736,0.07556675062972293,False
C1060,Aarav Reddy Systems,Media,Uk,London,150.0,2023-07-09,Organic Search,80.36,9.0,Starter,Active,21.38888888888889,243.0388888888889,2.0,5.5,38.9,8.928888888888888,0.05141388174807198,False
C1061,Isha Gupta Group,Finance,Usa,Boston,150.0,2023-06-02,Paid Ads,310.44,8.0,Growth,Active,14.0,271.32631578947365,2.0,6.5,40.13333333333333,38.805,0.04983388704318937,False
C1062,Kavya Das Solutions,Manufacturing,India,Mumbai,3000.0,2023-06-02,Paid Ads,358.2,11.0,Growth,Churned,2.0,146.0,2.0,5.0,40.13333333333333,32.56363636363636,0.04983388704318937,False
C1063,Rahul Menon Systems,Logistics,Usa,Austin,12.0,2023-06-09,Events,56.84,3.0,Starter,Churned,5.2,146.06,4.0,4.75,39.9,18.94666666666667,0.10025062656641605,False
C1064,Riya Sharma Technologies,Logistics,India,Chennai,35.0,2024-03-21,Paid Ads,68.6,6.0,Starter,Active,8.8,254.6,1.0,8.0,30.366666666666667,11.433333333333332,0.03293084522502744,False
C1065,Priya Verma Systems,Education,India,Chennai,3000.0,2023-10-25,Organic Search,898.2,11.0,Business,Active,6.0,273.18,4.0,6.25,35.3,81.65454545454546,0.113314447592068,False
C1066,Ishaan Reddy Solutions,Education,Uk,Manchester,80.0,2024-07-18,Organic Search,88.2,11.0,Starter,Active,5.333333333333333,234.61666666666667,3.0,3.3333333333333335,26.4,8.018181818181818,0.11363636363636365,False
C1067,Tara Khan Group,Logistics,India,Delhi,80.0,2024-02-10,Partner,326.36,9.0,Growth,Active,12.636363636363637,214.62727272727273,6.0,5.833333333333333,31.7,36.26222222222222,0.18927444794952683,False
C1068,Ananya Gupta Industries,Healthcare,Usa,Seattle,150.0,2024-11-04,Organic Search,262.68,5.0,Growth,Active,2.5,312.79999999999995,2.0,5.5,22.766666666666666,52.536,0.08784773060029283,False
C1069,Aadhya Joshi Systems,Logistics,India,Hyderabad,35.0,2023-08-15,Partner,80.36,9.0,Starter,Active,15.411764705882353,267.58235294117645,2.0,7.5,37.666666666666664,8.928888888888888,0.05309734513274337,False
C1070,Kiara Das Solutions,Manufacturing,Uk,Manchester,35.0,2025-01-25,Organic Search,64.68,5.0,Starter,Active,,,3.0,7.0,20.033333333333335,12.936000000000002,0.14975041597337768,False
C1071,Arjun Patel Labs,Education,Usa,Austin,35.0,2024-09-11,Organic Search,326.36,9.0,Growth,Active,20.5,242.325,4.0,6.0,24.566666666666666,36.26222222222222,0.1628222523744912,False
C1072,Rohan Gupta Technologies,Media,India,Pune,400.0,2023-04-22,Paid Ads,278.6,6.0,Growth,Active,17.523809523809526,232.34285714285713,8.0,5.75,41.5,46.43333333333334,0.1927710843373494,False
C1073,Vivaan Menon Group,Logistics,Uk,London,80.0,2023-08-20,Partner,84.28,10.0,Starter,Active,8.823529411764707,276.40588235294115,4.0,3.25,37.5,8.428,0.10666666666666667,False
C1074,Priya Khan Group,Finance,Uk,London,1200.0,2024-10-11,Referral,294.52,7.0,Growth,Active,7.333333333333333,215.66666666666666,5.0,4.4,23.566666666666666,42.074285714285715,0.21216407355021216,False
C1075,Ishaan Khan Industries,Healthcare,India,Pune,35.0,2024-05-01,Organic Search,738.52,7.0,Business,Active,4.875,253.825,5.0,6.6,29.0,105.50285714285714,0.1724137931034483,False
C1076,Arun Khan Labs,Education,India,Chennai,400.0,2024-05-26,Organic Search,2542.6400000000003,19.0,Enterprise,Active,12.125,149.575,3.0,4.0,28.166666666666668,133.82315789473685,0.10650887573964496,True
C1077,Krishna Nair Industries,Retail,Usa,Austin,1200.0,2024-03-10,Paid Ads,80.36,9.0,Starter,Active,6.4,231.76,4.0,7.5,30.733333333333334,8.928888888888888,0.1301518438177874,False
C1078,Rohan Patel Group,Media,India,Chennai,12.0,2024-03-09,Organic Search,76.44,8.0,Starter,Active,3.2,228.05,8.0,6.0,30.766666666666666,9.555,0.2600216684723727,False
C1079,Arun Rao Industries,Education,Usa,Austin,150.0,2024-07-30,Organic Search,778.44,8.0,Business,Active,12.166666666666666,218.1,5.0,7.2,26.0,97.305,0.19230769230769232,False
C1080,Rohan Sharma Group,Media,India,Bengaluru,35.0,2024-05-05,Partner,310.44,8.0,Growth,Active,3.625,227.14999999999998,2.0,5.5,28.866666666666667,38.805,0.06928406466512702,False
C1081,Ananya Nair Group,Logistics,Usa,Austin,12.0,2024-04-01,Outbound,64.68,5.0,Starter,Active,2.3333333333333335,240.5222222222222,3.0,6.666666666666667,30.0,12.936000000000002,0.1,False
C1082,Aadhya Nair Systems,Finance,India,Delhi,35.0,2024-06-06,Paid Ads,294.52,7.0,Growth,Active,13.142857142857142,284.87142857142857,6.0,4.333333333333333,27.8,42.074285714285715,0.2158273381294964,False
C1083,Deepak Das Group,Retail,India,Mumbai,1200.0,2024-03-01,Organic Search,80.36,9.0,Starter,Active,6.3,261.63,1.0,5.0,31.033333333333335,8.928888888888888,0.032223415682062294,False
C1084,Meera Patel Industries,Finance,Singapore,Singapore,35.0,2025-01-17,Organic Search,294.52,7.0,Growth,Active,,,5.0,6.6,20.3,42.074285714285715,0.24630541871921183,False
C1085,Aditya Reddy Group,Logistics,Singapore,Singapore,12.0,2023-06-17,Partner,618.76,4.0,Business,Churned,13.625,158.63750000000002,2.0,8.0,39.63333333333333,154.69,0.050462573591253154,False
C1086,Karthik Sharma Systems,Media,Usa,Boston,400.0,2023-04-29,Organic Search,818.36,9.0,Business,Active,2.1904761904761907,247.0857142857143,2.0,2.5,41.266666666666666,90.92888888888889,0.048465266558966075,False
C1087,Diya Iyer Labs,Retail,India,Mumbai,12.0,2024-11-03,Outbound,60.76,4.0,Starter,Active,5.0,184.5,4.0,5.75,22.8,15.19,0.17543859649122806,False
C1088,Reyansh Das Technologies,Healthcare,Uae,Dubai,12.0,2023-06-30,Events,310.44,8.0,Growth,Active,3.4210526315789473,230.11052631578949,3.0,6.333333333333333,39.2,38.805,0.07653061224489795,False
C1089,Reyansh Bose Solutions,Manufacturing,Uk,London,150.0,2024-05-27,Organic Search,294.52,9.0,Starter,Active,2.75,320.4875,4.0,7.5,28.133333333333333,32.724444444444444,0.14218009478672985,False
C1090,Aarav Menon Group,Manufacturing,Singapore,Singapore,150.0,2024-10-05,Partner,326.36,9.0,Growth,Churned,3.0,183.9333333333333,3.0,6.333333333333333,23.766666666666666,36.26222222222222,0.12622720897615708,False
C1091,Myra Nair Solutions,Finance,India,Bengaluru,35.0,2024-11-17,Events,618.76,4.0,Business,Active,6.5,369.54999999999995,3.0,1.0,22.333333333333332,154.69,0.13432835820895522,False
C1092,Aman Sharma Solutions,Retail,India,Delhi,150.0,2024-12-05,Organic Search,68.6,6.0,Starter,Active,7.0,221.8,2.0,4.5,21.733333333333334,11.433333333333332,0.09202453987730061,False
C1093,Aarav Joshi Technologies,Retail,India,Mumbai,400.0,2023-05-28,Organic Search,658.68,5.0,Business,Active,13.15,284.40999999999997,5.0,5.4,40.3,131.736,0.12406947890818859,False
C1094,Isha Nair Solutions,Retail,Usa,Seattle,80.0,2023-03-05,Referral,1858.76,4.0,Enterprise,Active,17.136363636363637,248.61363636363637,2.0,5.0,43.1,464.69,0.04640371229698376,True
C1095,Aarav Das Industries,Logistics,Singapore,Singapore,400.0,2023-02-13,Partner,72.52,7.0,Starter,Active,7.391304347826087,227.16086956521738,2.0,2.0,43.766666666666666,10.36,0.0456968773800457,False
C1096,Deepak Gupta Labs,Finance,Usa,Boston,150.0,2024-03-07,Organic Search,310.44,8.0,Growth,Active,15.1,254.92,5.0,6.4,30.833333333333332,38.805,0.16216216216216217,False
C1097,Diya Gupta Industries,Logistics,Usa,Boston,1200.0,2024-12-24,Paid Ads,68.6,6.0,Starter,Churned,4.0,350.7,5.0,7.0,21.1,11.433333333333332,0.23696682464454974,False
C1098,Myra Nair Systems,Logistics,Uk,London,12.0,2024-04-24,Organic Search,818.36,9.0,Business,Active,8.666666666666666,284.4111111111111,3.0,5.0,29.233333333333334,90.92888888888889,0.10262257696693272,False
C1099,Ishaan Patel Group,Logistics,India,Mumbai,1200.0,2023-02-17,Paid Ads,88.2,11.0,Starter,Churned,5.3076923076923075,149.09230769230768,3.0,6.333333333333333,43.63333333333333,8.018181818181818,0.06875477463712758,False
C1100,Priya Gupta Solutions,Healthcare,Uae,Abu Dhabi,80.0,2024-07-27,Partner,2098.6,6.0,Enterprise,Active,16.5,246.26666666666665,2.0,4.5,26.1,349.76666666666665,0.07662835249042145,True
C1101,Zoya Bose Industries,Finance,Uk,London,400.0,2023-02-24,Outbound,294.52,7.0,Growth,Active,7.217391304347826,244.4086956521739,2.0,4.0,43.4,42.074285714285715,0.04608294930875576,False
C1102,Deepak Iyer Solutions,Retail,India,Delhi,150.0,2023-03-18,Paid Ads,2218.52,7.0,Enterprise,Paused,14.954545454545455,240.34545454545452,2.0,6.5,42.666666666666664,316.93142857142857,0.046875,True
C1103,Pooja Menon Group,Retail,India,Mumbai,1200.0,2023-07-30,,3057.96,14.0,Enterprise,Active,11.38888888888889,251.96666666666664,2.0,5.0,38.2,218.4257142857143,0.05235602094240837,True
C1104,Farhan Iyer Group,Finance,Singapore,Singapore,12.0,2024-10-10,Events,72.52,7.0,Starter,Active,4.666666666666667,243.9333333333333,1.0,2.0,23.6,10.36,0.0423728813559322,False
C1105,Riya Gupta Labs,Media,India,Bengaluru,12.0,2023-01-30,Organic Search,698.6,6.0,Business,Active,9.083333333333334,255.6291666666667,2.0,6.5,44.233333333333334,116.43333333333334,0.0452147701582517,False
C1106,Ananya Singh Group,Logistics,Singapore,Singapore,80.0,2024-09-29,Referral,199.0,1.0,Growth,Active,4.75,265.70000000000005,3.0,4.333333333333333,23.966666666666665,199.0,0.12517385257301808,False
C1107,Isha Nair Technologies,Retail,India,Pune,3000.0,2023-12-07,Partner,64.68,5.0,Starter,Churned,10.076923076923077,128.42307692307693,4.0,4.75,33.86666666666667,12.936000000000002,0.11811023622047244,False
C1108,Saanvi Joshi Systems,Unknown,Singapore,Singapore,150.0,2023-01-14,Paid Ads,68.6,6.0,Starter,Paused,13.291666666666666,248.1,2.0,8.5,44.766666666666666,11.433333333333332,0.044676098287416234,False
C1109,Kiara Verma Industries,Retail,Uae,Dubai,80.0,2023-02-19,Organic Search,262.68,5.0,Growth,Active,17.26086956521739,237.0608695652174,6.0,6.166666666666667,43.56666666666667,52.536,0.13771996939556236,False
C1110,Tara Sharma Solutions,Media,Uk,Manchester,35.0,2024-07-30,Outbound,294.52,7.0,Growth,Active,11.666666666666666,300.6333333333333,1.0,7.0,26.0,42.074285714285715,0.038461538461538464,False
C1111,Priya Khan Industries,Unknown,Uae,Abu Dhabi,35.0,2024-06-30,Organic Search,658.68,5.0,Business,Active,13.857142857142858,293.65714285714284,6.0,5.166666666666667,27.0,131.736,0.2222222222222222,False
C1112,Aarav Singh Labs,Education,Uk,London,1200.0,2023-07-25,Partner,72.52,7.0,Starter,Churned,12.3125,131.1,7.0,6.0,38.36666666666667,10.36,0.18245004344048654,False
C1113,Riya Iyer Technologies,Healthcare,India,Chennai,12.0,2024-09-12,Outbound,2578.28,10.0,Enterprise,Active,18.75,224.575,5.0,5.0,24.533333333333335,257.82800000000003,0.20380434782608695,True
C1114,Aadhya Das Industries,Manufacturing,Usa,Boston,35.0,2024-11-26,Outbound,80.36,9.0,Starter,Active,21.5,355.95,2.0,4.5,22.033333333333335,8.928888888888888,0.0907715582450832,False
C1115,Rahul Rao Labs,Finance,Uae,Dubai,12.0,2024-09-16,Partner,88.2,11.0,Starter,Churned,8.0,231.42499999999998,5.0,6.0,24.4,8.018181818181818,0.20491803278688525,False
C1116,Isha Gupta Group,Finance,India,Mumbai,35.0,2024-12-01,Partner,80.36,9.0,Starter,Active,3.0,206.0,5.0,5.2,21.866666666666667,8.928888888888888,0.22865853658536586,False
C1117,Arun Gupta Labs,Education,Uae,Abu Dhabi,400.0,2024-01-27,Events,738.52,7.0,Business,Churned,7.0,279.7,3.0,4.666666666666667,32.166666666666664,105.50285714285714,0.09326424870466322,False
C1118,Ishaan Reddy Group,Education,Uae,Abu Dhabi,400.0,2024-07-17,Events,278.6,6.0,Growth,Active,4.166666666666667,215.79999999999998,1.0,2.0,26.433333333333334,46.43333333333334,0.03783102143757881,False
C1119,Deepak Verma Systems,Logistics,India,Bengaluru,80.0,2023-07-29,Referral,72.52,7.0,Starter,Active,7.944444444444445,248.10000000000002,3.0,7.333333333333333,38.233333333333334,10.36,0.07846556233653007,False
C1120,Pooja Rao Solutions,Manufacturing,Uae,Abu Dhabi,80.0,2024-06-20,Outbound,310.44,8.0,Growth,Active,7.571428571428571,298.7714285714286,2.0,5.0,27.333333333333332,38.805,0.07317073170731708,False
C1121,Ishaan Singh Group,Logistics,India,Mumbai,1200.0,2023-04-13,Events,1858.76,4.0,Enterprise,Active,17.19047619047619,266.49523809523805,3.0,6.0,41.8,464.69,0.07177033492822966,True
C1122,Aarav Gupta Technologies,Logistics,India,Bengaluru,12.0,2024-04-06,Referral,310.44,8.0,Growth,Churned,6.375,164.5875,3.0,5.0,29.833333333333332,38.805,0.1005586592178771,False
C1123,Vihaan Joshi Solutions,Manufacturing,India,Mumbai,400.0,2024-05-09,Outbound,92.12,12.0,Starter,Active,12.875,280.725,5.0,5.0,28.733333333333334,7.676666666666667,0.1740139211136891,False
C1124,Krishna Sharma Systems,Manufacturing,Uk,Manchester,150.0,2024-08-09,Partner,278.6,6.0,Growth,Active,5.4,310.65999999999997,1.0,6.0,25.666666666666668,46.43333333333334,0.03896103896103896,False
C1125,Kiara Verma Systems,Media,Uk,London,12.0,2023-06-17,Referral,88.2,11.0,Starter,Churned,12.214285714285714,138.44285714285715,5.0,5.6,39.63333333333333,8.018181818181818,0.1261564339781329,False
C1126,Sneha Iyer Group,Retail,India,Chennai,35.0,2023-10-11,Outbound,96.04,13.0,Starter,Active,13.2,268.49333333333334,4.0,5.25,35.766666666666666,7.3876923076923084,0.11183597390493942,False
C1127,Divya Gupta Labs,Education,Uae,Abu Dhabi,35.0,2024-03-16,Partner,278.6,6.0,Growth,Active,17.3,241.11999999999998,6.0,4.166666666666667,30.533333333333335,46.43333333333334,0.1965065502183406,False
C1128,Sneha Rao Industries,Finance,India,Mumbai,400.0,2023-09-29,Organic Search,88.2,11.0,Starter,Active,20.3125,241.3875,2.0,6.5,36.166666666666664,8.018181818181818,0.055299539170506916,False
C1129,Farhan Reddy Labs,Manufacturing,India,Mumbai,3000.0,2024-05-26,Referral,858.28,10.0,Business,Churned,7.125,214.6625,3.0,6.333333333333333,28.166666666666668,85.828,0.10650887573964496,False
C1130,Nikita Iyer Technologies,Media,Uae,Dubai,150.0,2024-03-26,,80.36,9.0,Starter,Active,18.1,261.88,3.0,8.333333333333334,30.2,8.928888888888888,0.09933774834437087,False
C1131,Aditya Menon Industries,Manufacturing,Uae,Abu Dhabi,80.0,2023-05-05,Organic Search,525.36,10.0,Growth,Paused,6.142857142857143,197.4047619047619,4.0,4.75,41.06666666666667,52.536,0.0974025974025974,False
C1132,Sneha Khan Solutions,Finance,Singapore,Singapore,35.0,2023-12-07,Organic Search,775.04,14.0,Business,Paused,2.8461538461538463,166.7,,,33.86666666666667,55.36,,False
C1133,Divya Nair Solutions,Retail,India,Pune,12.0,2025-01-25,Events,80.36,9.0,Starter,Active,,,1.0,8.0,20.033333333333335,8.928888888888888,0.04991680532445923,False
C1134,Tara Reddy Industries,Healthcare,India,Delhi,35.0,2023-01-30,Referral,56.84,3.0,Starter,Active,18.875,246.07500000000002,6.0,5.666666666666667,44.233333333333334,18.94666666666667,0.1356443104747551,False
C1135,Nikita Menon Solutions,Education,India,Hyderabad,35.0,2023-11-21,Organic Search,246.76,4.0,Growth,Active,11.357142857142858,233.9857142857143,3.0,4.666666666666667,34.4,61.69,0.0872093023255814,False
C1136,Deepak Bose Group,Media,Uae,Dubai,35.0,2024-04-04,Paid Ads,294.52,7.0,Growth,Active,5.222222222222222,245.26666666666668,,,29.9,42.074285714285715,,False
C1137,Arun Verma Labs,Finance,India,Pune,80.0,2023-08-09,Partner,342.28,10.0,Growth,Churned,13.75,170.825,6.0,5.5,37.86666666666667,34.227999999999994,0.15845070422535212,False
C1138,Meera Sharma Labs,Retail,India,Bengaluru,35.0,2024-10-27,Outbound,84.28,10.0,Starter,Active,16.666666666666668,200.43333333333337,5.0,5.0,23.033333333333335,8.428,0.2170767004341534,False
C1139,Arjun Menon Group,Logistics,India,Delhi,12.0,2023-07-17,Referral,68.6,6.0,Starter,Active,11.722222222222221,275.17777777777775,4.0,5.25,38.63333333333333,11.433333333333332,0.10353753235547886,False
C1140,Aarav Nair Systems,Retail,India,Chennai,12.0,2024-07-15,Paid Ads,278.6,6.0,Growth,Churned,9.0,195.425,7.0,5.285714285714286,26.5,46.43333333333334,0.2641509433962264,False
C1141,Ananya Joshi Industries,Finance,Usa,Austin,400.0,2023-02-25,Organic Search,278.6,6.0,Growth,Active,5.913043478260869,295.21304347826083,4.0,4.0,43.36666666666667,46.43333333333334,0.09223674096848578,False
C1142,Kavya Reddy Technologies,Education,Usa,Austin,400.0,2023-03-03,Partner,326.36,9.0,Growth,Active,12.272727272727273,264.69545454545454,4.0,6.75,43.166666666666664,36.26222222222222,0.09266409266409267,False
C1143,Reyansh Menon Solutions,Retail,Singapore,Singapore,35.0,2023-02-20,,88.2,11.0,Starter,Churned,6.125,147.14375,4.0,4.5,43.53333333333333,8.018181818181818,0.09188361408882083,False
C1144,Aditya Sharma Technologies,Media,Uk,London,80.0,2024-01-15,Referral,2698.2,11.0,Enterprise,Active,18.0,283.10833333333335,3.0,5.0,32.56666666666667,245.29090909090908,0.09211873080859774,True
C1145,Pooja Reddy Solutions,Logistics,India,Hyderabad,35.0,2023-03-28,Outbound,68.6,6.0,Starter,Active,14.227272727272727,277.54090909090905,5.0,5.0,42.333333333333336,11.433333333333332,0.11811023622047244,False
C1146,Priya Iyer Technologies,Healthcare,India,Pune,150.0,2023-01-16,Referral,294.52,7.0,Growth,Active,5.5,244.19583333333333,2.0,3.5,44.7,42.074285714285715,0.04474272930648769,False
C1147,Vivaan Khan Technologies,Manufacturing,India,Bengaluru,80.0,2023-11-07,Organic Search,262.68,5.0,Growth,Active,12.357142857142858,285.2142857142857,2.0,4.5,34.86666666666667,52.536,0.05736137667304015,False
C1148,Divya Bose Solutions,Education,India,Chennai,80.0,2024-09-04,,778.44,8.0,Business,Active,4.5,208.20000000000002,1.0,3.0,24.8,97.305,0.04032258064516129,False
C1149,Vivaan Verma Technologies,Logistics,Uk,London,35.0,2023-04-23,Paid Ads,1978.68,5.0,Enterprise,Active,3.380952380952381,281.87142857142857,5.0,5.0,41.46666666666667,395.736,0.12057877813504822,True
C1150,Rahul Singh Technologies,Education,India,Hyderabad,35.0,2025-01-14,Outbound,578.84,3.0,Business,Churned,,,3.0,5.0,20.4,192.9466666666667,0.14705882352941177,False
C1151,Aman Gupta Solutions,Manufacturing,India,Chennai,12.0,2023-07-20,Paid Ads,778.44,8.0,Business,Churned,7.764705882352941,111.0,1.0,2.0,38.53333333333333,97.305,0.025951557093425608,False
C1152,Nikita Verma Technologies,Finance,Usa,Austin,80.0,2024-08-03,Organic Search,294.52,7.0,Growth,Churned,3.8,177.34,5.0,5.2,25.866666666666667,42.074285714285715,0.19329896907216496,False
C1153,Aadhya Patel Solutions,Media,India,Pune,80.0,2024-08-10,Paid Ads,618.76,4.0,Business,Active,6.0,231.35999999999999,1.0,8.0,25.633333333333333,154.69,0.03901170351105332,False
C1154,Kiara Das Group,Unknown,India,Pune,80.0,2024-10-29,Organic Search,723.3599999999999,10.0,Business,Churned,2.6666666666666665,219.30000000000004,1.0,6.0,22.966666666666665,72.33599999999998,0.043541364296081284,False
C1155,Naveen Verma Technologies,Manufacturing,India,Bengaluru,12.0,2023-09-30,Referral,2098.6,6.0,Enterprise,Active,6.0625,270.1875,3.0,6.666666666666667,36.13333333333333,349.76666666666665,0.08302583025830258,True
C1156,Diya Sharma Technologies,Retail,India,Chennai,80.0,2024-03-16,Organic Search,2218.52,7.0,Enterprise,Active,8.5,297.44,2.0,6.5,30.533333333333335,316.93142857142857,0.06550218340611354,True
C1157,Meera Joshi Solutions,Logistics,Singapore,Singapore,150.0,2024-02-24,Paid Ads,230.84,3.0,Growth,Active,6.909090909090909,237.36363636363637,6.0,5.166666666666667,31.233333333333334,76.94666666666667,0.192102454642476,False
C1158,Farhan Nair Labs,Education,India,Mumbai,3000.0,2023-03-21,Organic Search,84.28,10.0,Starter,Active,9.136363636363637,231.14545454545453,3.0,5.666666666666667,42.56666666666667,8.428,0.07047768206734534,False
C1159,Deepak Bose Systems,Education,Uk,London,400.0,2024-09-02,Organic Search,80.36,9.0,Starter,Active,12.5,238.2,6.0,5.333333333333333,24.866666666666667,8.928888888888888,0.24128686327077747,False
C1160,Ishaan Singh Group,Education,Usa,Boston,1200.0,2024-12-11,Organic Search,68.6,6.0,Starter,Active,10.0,228.8,4.0,5.0,21.533333333333335,11.433333333333332,0.18575851393188852,False
C1161,Sneha Das Systems,Healthcare,Uae,Dubai,150.0,2024-05-18,Paid Ads,246.76,4.0,Growth,Active,2.75,282.5125,3.0,4.0,28.433333333333334,61.69,0.10550996483001172,False
C1162,Divya Nair Technologies,Logistics,India,Hyderabad,150.0,2024-09-08,Outbound,2098.6,6.0,Enterprise,Churned,6.5,137.79999999999998,3.0,5.666666666666667,24.666666666666668,349.76666666666665,0.12162162162162161,True
C1163,Meera Menon Industries,Media,India,Bengaluru,35.0,2023-09-03,Paid Ads,278.6,6.0,Growth,Active,5.5625,248.9625,3.0,4.0,37.03333333333333,46.43333333333334,0.08100810081008102,False
C1164,Saanvi Menon Systems,Healthcare,India,Pune,150.0,2023-10-06,Events,80.36,9.0,Starter,Active,17.0,249.8,3.0,4.666666666666667,35.93333333333333,8.928888888888888,0.08348794063079779,False
C1165,Arjun Das Solutions,Logistics,India,Bengaluru,80.0,2024-03-12,Partner,72.52,7.0,Starter,Active,15.3,251.84,5.0,5.4,30.666666666666668,10.36,0.16304347826086957,False
C1166,Deepak Joshi Industries,Education,India,Bengaluru,80.0,2024-08-30,Paid Ads,2338.44,8.0,Enterprise,Active,6.2,209.94,3.0,4.0,24.966666666666665,292.305,0.12016021361815755,True
C1167,Aarav Patel Labs,Media,Singapore,Singapore,3000.0,2023-04-19,Paid Ads,278.6,6.0,Growth,Active,3.142857142857143,234.7047619047619,4.0,6.75,41.6,46.43333333333334,0.09615384615384615,False
C1168,Aditya Joshi Solutions,Finance,Usa,Seattle,80.0,2023-10-30,Referral,56.84,3.0,Starter,Active,21.2,263.61333333333334,2.0,6.5,35.13333333333333,18.94666666666667,0.05692599620493359,False
C1169,Reyansh Menon Solutions,Manufacturing,Uk,Manchester,400.0,2024-09-01,Organic Search,658.68,5.0,Business,Active,4.0,273.725,3.0,9.333333333333334,24.9,131.736,0.12048192771084339,False
C1170,Diya Verma Industries,Finance,India,Mumbai,80.0,2023-12-28,Referral,76.44,8.0,Starter,Churned,12.333333333333334,152.11666666666667,2.0,4.5,33.166666666666664,9.555,0.06030150753768845,False
C1171,Aditya Khan Industries,Retail,Usa,Austin,35.0,2023-11-04,Referral,294.52,8.0,Growth,Active,19.285714285714285,244.57857142857142,,,34.96666666666667,36.815,,False
C1172,Reyansh Menon Industries,Healthcare,Singapore,Singapore,400.0,2024-11-08,Referral,818.36,9.0,Business,Churned,11.5,104.95,,,22.633333333333333,90.92888888888889,,False
C1173,Kiara Bose Labs,Finance,India,Delhi,12.0,2024-09-03,Events,76.44,8.0,Starter,Churned,8.75,142.85,1.0,5.0,24.833333333333332,9.555,0.04026845637583893,False
C1174,Vivaan Verma Systems,Retail,India,Bengaluru,80.0,2024-08-29,Partner,230.84,3.0,Growth,Active,12.6,187.14000000000001,6.0,6.0,25.0,76.94666666666667,0.24,False
C1175,Pooja Bose Solutions,Logistics,India,Delhi,12.0,2023-05-31,Organic Search,56.84,3.0,Starter,Active,5.15,234.58,7.0,5.714285714285714,40.2,18.94666666666667,0.17412935323383083,False
C1176,Sneha Khan Technologies,Education,Uae,Abu Dhabi,12.0,2024-08-26,Organic Search,72.52,7.0,Starter,Churned,12.0,159.62,5.0,4.8,25.1,10.36,0.199203187250996,False
C1177,Isha Gupta Group,Media,Usa,Seattle,12.0,2023-11-13,Organic Search,72.52,7.0,Starter,Active,17.5,291.5285714285714,5.0,5.2,34.666666666666664,10.36,0.14423076923076925,False
C1178,Isha Menon Solutions,Retail,India,Mumbai,12.0,2023-06-30,Partner,326.36,9.0,Growth,Active,18.94736842105263,250.7947368421053,2.0,4.5,39.2,36.26222222222222,0.0510204081632653,False
C1179,Sneha Iyer Solutions,Media,Usa,Boston,12.0,2023-08-13,Paid Ads,60.76,4.0,Starter,Churned,4.285714285714286,149.79999999999998,3.0,5.0,37.733333333333334,15.19,0.07950530035335689,False
C1180,Rahul Menon Labs,Retail,Uae,Dubai,80.0,2023-08-14,Organic Search,68.6,6.0,Starter,Churned,12.909090909090908,181.0818181818182,1.0,1.0,37.7,11.433333333333332,0.02652519893899204,False
C1181,Isha Reddy Labs,Healthcare,Uk,London,150.0,2024-09-28,Partner,230.84,3.0,Growth,Churned,16.25,181.45,2.0,4.5,24.0,76.94666666666667,0.08333333333333333,False
C1182,Arun Menon Labs,Finance,India,Bengaluru,1200.0,2023-09-21,Organic Search,1978.68,5.0,Enterprise,Churned,2.3125,156.73125,4.0,3.75,36.43333333333333,395.736,0.10978956999085088,True
C1183,Sanjay Gupta Labs,Manufacturing,Usa,Austin,400.0,2024-04-03,Paid Ads,402.8,17.0,Starter,Churned,5.777777777777778,149.10000000000002,3.0,6.0,29.933333333333334,23.694117647058825,0.10022271714922049,False
C1184,Meera Verma Group,Manufacturing,Usa,Boston,80.0,2023-04-15,Organic Search,818.36,9.0,Business,Active,9.142857142857142,253.34761904761905,2.0,3.5,41.733333333333334,90.92888888888889,0.04792332268370607,False
C1185,Zoya Rao Labs,Finance,India,Mumbai,35.0,2024-08-23,Partner,294.52,7.0,Growth,Churned,10.6,203.24,3.0,6.0,25.2,42.074285714285715,0.11904761904761905,False
C1186,Diya Rao Technologies,Media,Uk,Manchester,80.0,2023-10-05,Paid Ads,738.52,7.0,Business,Active,6.933333333333334,253.22666666666666,3.0,6.0,35.96666666666667,105.50285714285714,0.08341056533827618,False
C1187,Pooja Gupta Group,Manufacturing,India,Mumbai,150.0,2024-03-20,Organic Search,578.84,3.0,Business,Active,20.9,297.59000000000003,2.0,5.5,30.4,192.9466666666667,0.06578947368421052,False
C1188,Tara Rao Industries,Healthcare,India,Hyderabad,12.0,2023-07-21,Referral,778.44,8.0,Business,Active,21.61111111111111,266.9222222222222,4.0,5.0,38.5,97.305,0.1038961038961039,False
C1189,Kiara Patel Group,Media,India,Bengaluru,150.0,2024-08-26,Referral,310.44,8.0,Growth,Churned,3.8,120.85999999999999,1.0,3.0,25.1,38.805,0.0398406374501992,False
C1190,Myra Joshi Solutions,Retail,Uk,Manchester,12.0,2023-02-14,Paid Ads,342.28,10.0,Growth,Active,2.3043478260869565,256.2913043478261,1.0,9.0,43.733333333333334,34.227999999999994,0.022865853658536585,False
C1191,Sai Patel Industries,Healthcare,Uae,Abu Dhabi,12.0,2023-12-31,Referral,68.6,6.0,Starter,Active,18.923076923076923,249.33846153846156,2.0,6.5,33.06666666666667,11.433333333333332,0.06048387096774193,False
C1192,Deepak Nair Technologies,Media,Uk,Manchester,150.0,2023-07-05,Organic Search,84.28,10.0,Starter,Active,3.4444444444444446,246.95555555555555,4.0,5.0,39.03333333333333,8.428,0.10247651579846286,False
C1193,Diya Menon Systems,Unknown,Usa,Seattle,1200.0,2024-08-02,Paid Ads,278.6,6.0,Growth,Active,3.6,299.71999999999997,2.0,5.0,25.9,46.43333333333334,0.07722007722007722,False
C1194,Zoya Bose Group,Retail,Uae,Dubai,80.0,2024-03-19,Organic Search,3957.3599999999997,10.0,Enterprise,Churned,10.5,155.55,5.0,5.2,30.433333333333334,395.736,0.16429353778751368,True
C1195,Aman Gupta Labs,Finance,Uae,Abu Dhabi,80.0,2023-05-03,Referral,2578.28,10.0,Enterprise,Active,11.2,233.445,5.0,5.2,41.13333333333333,257.82800000000003,0.12155591572123177,True
C1196,Ananya Singh Industries,Finance,India,Hyderabad,80.0,2023-03-16,Referral,99.96,14.0,Starter,Churned,1.5,147.45,3.0,7.333333333333333,42.733333333333334,7.14,0.07020280811232449,False
C1197,Sanjay Menon Industries,Education,Singapore,Singapore,35.0,2024-04-28,Referral,88.2,11.0,Starter,Active,9.555555555555555,272.84444444444443,6.0,5.333333333333333,29.1,8.018181818181818,0.20618556701030927,False
C1198,Ananya Sharma Labs,Finance,India,Hyderabad,12.0,2023-04-26,Paid Ads,2218.52,7.0,Enterprise,Active,17.952380952380953,255.61904761904762,6.0,6.5,41.36666666666667,316.93142857142857,0.145044319097502,True
C1199,Aman Singh Labs,Education,India,Pune,80.0,2024-08-05,Paid Ads,278.6,6.0,Growth,Active,2.4,248.28000000000003,1.0,5.0,25.8,46.43333333333334,0.03875968992248062,False
C1200,Kavya Rao Industries,Media,India,Delhi,80.0,2024-11-10,Partner,60.76,4.0,Starter,Active,10.5,223.95,3.0,4.666666666666667,22.566666666666666,15.19,0.1329394387001477,False
C1201,Naveen Patel Labs,Manufacturing,India,Delhi,400.0,2024-12-07,Organic Search,1858.76,4.0,Enterprise,Active,20.0,337.2,4.0,5.5,21.666666666666668,464.69,0.1846153846153846,True
C1202,Karthik Iyer Labs,Finance,India,Pune,35.0,2024-12-06,Organic Search,1112.88,16.0,Growth,Churned,18.0,335.6,1.0,5.0,21.7,69.555,0.04608294930875576,False
C1203,Saanvi Reddy Industries,Education,Usa,Seattle,1200.0,2024-10-24,Organic Search,858.28,10.0,Business,Active,12.0,273.6666666666667,2.0,7.0,23.133333333333333,85.828,0.08645533141210375,False
C1204,Aman Reddy Systems,Manufacturing,India,Bengaluru,12.0,2023-02-19,Paid Ads,2338.44,8.0,Enterprise,Active,14.478260869565217,270.2217391304348,3.0,5.666666666666667,43.56666666666667,292.305,0.06885998469778118,True
C1205,Isha Joshi Labs,Healthcare,Usa,Seattle,1200.0,2023-11-16,Paid Ads,778.44,8.0,Business,Churned,7.25,168.5,1.0,6.0,34.56666666666667,97.305,0.028929604628736737,False
C1206,Zoya Gupta Group,Logistics,India,Bengaluru,400.0,2023-04-29,Paid Ads,738.52,7.0,Business,Active,16.61904761904762,249.80476190476193,9.0,5.666666666666667,41.266666666666666,105.50285714285714,0.21809369951534735,False
C1207,Sneha Gupta Technologies,Manufacturing,Singapore,Singapore,80.0,2023-04-17,Organic Search,310.44,8.0,Growth,Active,17.761904761904763,246.96666666666667,3.0,5.0,41.666666666666664,38.805,0.07200000000000001,False
C1208,Deepak Das Group,Healthcare,India,Mumbai,150.0,2023-10-02,Organic Search,60.76,4.0,Starter,Churned,1.75,159.9,2.0,5.5,36.06666666666667,15.19,0.055452865064695,False
C1209,Rahul Khan Systems,Media,Usa,Seattle,12.0,2023-08-28,Organic Search,658.68,5.0,Business,Churned,5.0,224.76666666666665,1.0,7.0,37.233333333333334,131.736,0.02685765443151298,False
C1210,Deepak Patel Technologies,Healthcare,India,Delhi,1200.0,2023-12-29,Events,56.84,3.0,Starter,Churned,4.5,121.5875,3.0,5.0,33.13333333333333,18.94666666666667,0.09054325955734406,False
C1211,Krishna Iyer Solutions,Retail,India,Mumbai,1200.0,2024-10-13,Events,294.52,7.0,Growth,Active,17.333333333333332,337.1333333333333,1.0,5.0,23.5,42.074285714285715,0.0425531914893617,False
C1212,Sai Verma Solutions,Retail,India,Mumbai,80.0,2023-06-27,Events,538.92,2.0,Business,Active,9.736842105263158,260.9263157894737,4.0,7.5,39.3,269.46,0.10178117048346057,False
C1213,Nikita Verma Labs,Retail,India,Delhi,12.0,2024-11-28,Events,214.92,2.0,Growth,Active,8.5,217.65,1.0,6.0,21.966666666666665,107.46,0.045523520485584223,False
C1214,Sneha Sharma Technologies,Logistics,India,Pune,80.0,2024-11-17,Outbound,405.96,14.0,Growth,Active,15.5,252.75,6.0,6.166666666666667,22.333333333333332,28.997142857142855,0.26865671641791045,False
C1215,Zoya Patel Solutions,Healthcare,Uk,Manchester,12.0,2024-08-28,Organic Search,60.76,4.0,Starter,Active,3.6,278.4,5.0,5.2,25.033333333333335,15.19,0.19973368841544606,False
C1216,Nikita Khan Systems,Manufacturing,India,Chennai,150.0,2023-08-25,Paid Ads,76.44,8.0,Starter,Active,5.470588235294118,264.5705882352941,3.0,5.333333333333333,37.333333333333336,9.555,0.08035714285714285,False
C1217,Sai Iyer Industries,Logistics,India,Pune,35.0,2023-03-06,Paid Ads,1858.76,4.0,Enterprise,Churned,13.25,181.57500000000002,5.0,5.2,43.06666666666667,464.69,0.11609907120743033,True
C1218,Reyansh Joshi Group,Education,Singapore,Singapore,12.0,2025-01-19,Paid Ads,84.28,10.0,Starter,Active,,,5.0,5.8,20.233333333333334,8.428,0.2471169686985173,False
C1219,Tara Nair Group,Healthcare,India,Pune,12.0,2023-03-06,Organic Search,160.72,18.0,Starter,Active,7.35,226.74,2.0,7.0,43.06666666666667,8.928888888888888,0.04643962848297213,False
C1220,Diya Rao Solutions,Logistics,Uae,Abu Dhabi,12.0,2023-02-28,Outbound,658.68,5.0,Business,Active,11.347826086956522,256.2608695652174,5.0,4.6,43.266666666666666,131.736,0.11556240369799692,False
C1221,Rahul Gupta Solutions,Education,India,Mumbai,150.0,2023-05-20,,80.36,9.0,Starter,Churned,6.75,112.3375,3.0,6.333333333333333,40.56666666666667,8.928888888888888,0.07395234182415776,False
C1222,Aarav Verma Labs,Finance,Uk,Manchester,80.0,2024-09-13,Outbound,818.36,9.0,Business,Active,13.25,253.325,4.0,4.75,24.5,90.92888888888889,0.16326530612244897,False
C1223,Vihaan Joshi Industries,Education,Usa,Austin,12.0,2024-08-07,Paid Ads,278.6,6.0,Growth,Active,19.8,266.93999999999994,2.0,7.5,25.733333333333334,46.43333333333334,0.07772020725388601,False
C1224,Isha Patel Technologies,Manufacturing,India,Hyderabad,12.0,2024-02-15,Paid Ads,898.2,11.0,Business,Active,4.0,232.45454545454547,,,31.533333333333335,81.65454545454546,,False
C1225,Diya Patel Industries,Logistics,India,Hyderabad,150.0,2023-08-14,Referral,129.36,10.0,Starter,Active,10.058823529411764,212.33529411764704,4.0,6.25,37.7,12.936000000000002,0.10610079575596816,False
C1226,Ishaan Patel Industries,Education,India,Pune,12.0,2023-05-04,Events,246.76,4.0,Growth,Paused,7.95,232.375,1.0,9.0,41.1,61.69,0.024330900243309,False
C1227,Karthik Das Industries,Healthcare,India,Chennai,35.0,2024-04-25,Paid Ads,698.6,6.0,Business,Churned,6.4,156.8,2.0,6.5,29.2,116.43333333333334,0.0684931506849315,False
C1228,Kiara Sharma Solutions,Logistics,India,Chennai,80.0,2023-12-08,Partner,230.84,3.0,Growth,Churned,1.4545454545454546,172.52727272727273,3.0,4.666666666666667,33.833333333333336,76.94666666666667,0.08866995073891625,False
C1229,Farhan Verma Technologies,Media,Uk,Manchester,150.0,2024-02-23,Organic Search,72.52,7.0,Starter,Active,7.454545454545454,248.7,2.0,1.5,31.266666666666666,10.36,0.06396588486140725,False
C1230,Ishaan Patel Industries,Retail,India,Hyderabad,12.0,2023-07-24,Partner,1009.04,14.0,Business,Active,5.117647058823529,170.71176470588236,3.0,6.666666666666667,38.4,72.07428571428571,0.078125,False
C1231,Aditya Patel Group,Logistics,Usa,Austin,150.0,2023-12-09,Referral,246.76,4.0,Growth,Active,15.384615384615385,250.23076923076923,2.0,5.5,33.8,61.69,0.0591715976331361,False
C1232,Rohan Bose Systems,Finance,Uk,Manchester,3000.0,2024-10-14,Paid Ads,738.52,7.0,Business,Active,12.0,360.0333333333333,2.0,7.0,23.466666666666665,105.50285714285714,0.08522727272727273,False
C1233,Deepak Patel Labs,Manufacturing,Uae,Dubai,400.0,2024-08-17,Outbound,578.84,3.0,Business,Active,13.4,267.24,6.0,7.333333333333333,25.4,192.9466666666667,0.2362204724409449,False
C1234,Farhan Singh Industries,Manufacturing,Uk,London,12.0,2023-05-15,Paid Ads,68.6,6.0,Starter,Active,21.85,258.7,4.0,6.0,40.733333333333334,11.433333333333332,0.09819967266775777,False
C1235,Vivaan Bose Technologies,Healthcare,India,Mumbai,80.0,2024-06-05,Partner,68.6,6.0,Starter,Active,3.2857142857142856,237.08571428571426,4.0,5.5,27.833333333333332,11.433333333333332,0.1437125748502994,False
C1236,Saanvi Rao Industries,Education,Uae,Dubai,400.0,2023-03-15,Referral,72.52,7.0,Starter,Churned,6.6,130.7,8.0,5.5,42.766666666666666,10.36,0.18706157443491817,False
C1237,Arun Rao Systems,Logistics,India,Pune,150.0,2024-07-20,Outbound,358.2,11.0,Growth,Active,24.5,234.65,3.0,7.333333333333333,26.333333333333332,32.56363636363636,0.1139240506329114,False
C1238,Tara Gupta Technologies,Media,Uk,Manchester,35.0,2023-05-23,Organic Search,88.2,11.0,Starter,Churned,6.9,177.035,2.0,4.0,40.46666666666667,8.018181818181818,0.049423393739703454,False
C1239,Pooja Nair Solutions,Manufacturing,Uk,Manchester,150.0,2023-05-30,Events,1738.84,3.0,Enterprise,Churned,9.75,188.325,5.0,6.4,40.233333333333334,579.6133333333333,0.12427506213753106,True
C1240,Aadhya Gupta Group,Finance,Singapore,Singapore,80.0,2025-01-12,Organic Search,64.68,5.0,Starter,Paused,,,2.0,5.5,20.466666666666665,12.936000000000002,0.09771986970684039,False
C1241,Rohan Iyer Group,Healthcare,India,Chennai,1200.0,2023-07-05,Paid Ads,2098.6,6.0,Enterprise,Churned,11.823529411764707,169.23529411764707,1.0,6.0,39.03333333333333,349.76666666666665,0.025619128949615714,True
C1242,Deepak Bose Group,Finance,India,Hyderabad,35.0,2024-11-12,Outbound,2648.88,16.0,Growth,Active,3.5,292.4,3.0,5.333333333333333,22.5,165.555,0.13333333333333333,True
C1243,Aditya Patel Solutions,Media,Uae,Dubai,150.0,2023-12-03,Paid Ads,64.68,5.0,Starter,Active,19.0,288.2307692307692,2.0,5.0,34.0,12.936000000000002,0.058823529411764705,False
C1244,Myra Sharma Industries,Media,India,Delhi,150.0,2024-11-20,Referral,72.52,7.0,Starter,Active,5.0,191.4,2.0,5.0,22.233333333333334,10.36,0.08995502248875561,False
C1245,Aadhya Sharma Labs,Logistics,India,Pune,150.0,2024-12-08,Organic Search,84.28,10.0,Starter,Active,8.0,135.0,7.0,5.142857142857143,21.633333333333333,8.428,0.3235747303543914,False
C1246,Aditya Sharma Group,Finance,Uae,Abu Dhabi,80.0,2024-02-13,Organic Search,618.76,4.0,Business,Active,19.272727272727273,240.9909090909091,2.0,7.5,31.6,154.69,0.06329113924050632,False
C1247,Karthik Sharma Technologies,Manufacturing,Uk,Manchester,1200.0,2024-08-23,Partner,738.52,7.0,Business,Active,10.4,321.36,5.0,4.6,25.2,105.50285714285714,0.19841269841269843,False
C1248,Farhan Bose Solutions,Media,Uae,Abu Dhabi,400.0,2024-04-18,Paid Ads,738.52,7.0,Business,Active,13.11111111111111,228.13333333333333,2.0,5.5,29.433333333333334,105.50285714285714,0.06795016987542468,False
C1249,Ananya Singh Solutions,Manufacturing,Usa,Boston,150.0,2023-04-12,Organic Search,698.6,6.0,Business,Active,13.666666666666666,251.14285714285714,4.0,5.5,41.833333333333336,116.43333333333334,0.09561752988047809,False
C1250,Sai Rao Industries,Finance,India,Hyderabad,1200.0,2024-01-20,Partner,1978.68,5.0,Enterprise,Paused,12.416666666666666,253.6833333333333,5.0,5.6,32.4,395.736,0.154320987654321,True
C1251,Diya Khan Group,Logistics,Singapore,Singapore,80.0,2023-03-19,Paid Ads,818.36,9.0,Business,Active,7.863636363636363,248.87727272727273,3.0,5.0,42.63333333333333,90.92888888888889,0.07036747458952307,False
C1252,Meera Sharma Industries,Media,Uk,Manchester,12.0,2023-07-22,Organic Search,2098.6,6.0,Enterprise,Churned,6.944444444444445,142.83888888888887,3.0,4.0,38.46666666666667,349.76666666666665,0.0779896013864818,True
C1253,Karthik Rao Solutions,Media,India,Hyderabad,35.0,2024-06-01,Organic Search,156.8,17.0,Starter,Active,6.0,150.81428571428572,8.0,6.25,27.966666666666665,9.223529411764707,0.2860548271752086,False
C1254,Rohan Nair Technologies,Education,Usa,Boston,35.0,2023-04-19,Organic Search,310.44,8.0,Growth,Active,7.809523809523809,228.65714285714287,4.0,5.0,41.6,38.805,0.09615384615384615,False
C1255,Riya Joshi Labs,Healthcare,India,Mumbai,12.0,2024-10-25,Referral,310.44,8.0,Growth,Churned,1.0,178.96666666666667,1.0,8.0,23.1,38.805,0.04329004329004329,False
C1256,Sai Gupta Technologies,Media,Uk,London,35.0,2024-03-30,Events,1978.68,5.0,Enterprise,Active,10.2,267.56,4.0,4.75,30.066666666666666,395.736,0.13303769401330376,True
C1257,Vihaan Patel Solutions,Manufacturing,India,Chennai,35.0,2023-11-18,Partner,1858.76,4.0,Enterprise,Churned,7.5,129.775,5.0,5.2,34.5,464.69,0.14492753623188406,True
C1258,Myra Verma Technologies,Media,Uk,Manchester,150.0,2024-02-27,Organic Search,658.68,5.0,Business,Churned,2.4,148.74,1.0,7.0,31.133333333333333,131.736,0.032119914346895075,False
C1259,Priya Reddy Systems,Manufacturing,India,Delhi,80.0,2024-10-31,Paid Ads,778.44,8.0,Business,Active,21.666666666666668,281.93333333333334,1.0,6.0,22.9,97.305,0.04366812227074236,False
C1260,Meera Iyer Technologies,Finance,India,Bengaluru,80.0,2023-06-11,Referral,818.36,7.0,Business,Active,10.052631578947368,265.69473684210527,4.0,6.25,39.833333333333336,116.90857142857143,0.100418410041841,False
C1261,Reyansh Menon Labs,Retail,India,Delhi,150.0,2024-03-07,Outbound,1978.68,5.0,Enterprise,Churned,14.25,86.3,3.0,5.0,30.833333333333332,395.736,0.0972972972972973,True
C1262,Arun Joshi Group,Retail,Uk,London,150.0,2024-04-09,Paid Ads,342.28,10.0,Growth,Active,16.11111111111111,241.5111111111111,3.0,6.0,29.733333333333334,34.227999999999994,0.10089686098654709,False
C1263,Deepak Reddy Industries,Media,India,Bengaluru,80.0,2025-01-05,Paid Ads,2338.44,8.0,Enterprise,Active,,,1.0,4.0,20.7,292.305,0.04830917874396135,True
C1264,Aarav Nair Solutions,Education,India,Mumbai,35.0,2024-07-05,Referral,698.6,6.0,Business,Active,20.0,249.16666666666666,5.0,6.4,26.833333333333332,116.43333333333334,0.1863354037267081,False
C1265,Aditya Reddy Solutions,Retail,Uk,London,3000.0,2023-10-23,Events,294.52,7.0,Growth,Active,4.2,247.05333333333334,4.0,3.25,35.36666666666667,42.074285714285715,0.11310084825636192,False
C1266,Arun Nair Systems,Education,Uae,Abu Dhabi,80.0,2023-07-04,Paid Ads,342.28,10.0,Growth,Active,17.5,260.7388888888889,3.0,7.0,39.06666666666667,34.227999999999994,0.07679180887372013,False
C1267,Nikita Rao Industries,Retail,India,Hyderabad,150.0,2023-11-09,Organic Search,2098.6,6.0,Enterprise,Churned,6.5,98.16666666666667,5.0,5.6,34.8,349.76666666666665,0.14367816091954025,True
C1268,Deepak Patel Industries,Healthcare,India,Delhi,1200.0,2023-08-21,Organic Search,80.36,9.0,Starter,Active,14.588235294117647,294.8294117647059,1.0,9.0,37.46666666666667,8.928888888888888,0.02669039145907473,False
C1269,Aadhya Patel Solutions,Healthcare,India,Pune,80.0,2024-01-16,Organic Search,294.52,7.0,Growth,Churned,7.0,192.57500000000002,4.0,4.0,32.53333333333333,42.074285714285715,0.12295081967213116,False
C1270,Farhan Menon Group,Logistics,India,Mumbai,150.0,2024-06-22,Partner,294.52,7.0,Growth,Active,16.285714285714285,253.08571428571426,3.0,4.333333333333333,27.266666666666666,42.074285714285715,0.11002444987775062,False
C1271,Myra Gupta Industries,Retail,India,Bengaluru,400.0,2024-12-11,Paid Ads,294.52,7.0,Growth,Active,18.0,424.2,1.0,6.0,21.533333333333335,42.074285714285715,0.04643962848297213,False
C1272,Pooja Joshi Industries,Finance,Uk,London,80.0,2024-04-25,Paid Ads,2218.52,7.0,Enterprise,Active,4.222222222222222,280.3888888888889,5.0,4.8,29.2,316.93142857142857,0.17123287671232876,True
C1273,Ananya Menon Systems,Manufacturing,India,Delhi,150.0,2023-03-25,Partner,818.36,9.0,Business,Active,7.954545454545454,255.85,2.0,4.5,42.43333333333333,90.92888888888889,0.047132757266300083,False
C1274,Aadhya Khan Systems,Finance,Uae,Abu Dhabi,80.0,2024-10-06,Events,342.28,10.0,Growth,Churned,10.333333333333334,212.80000000000004,2.0,2.0,23.733333333333334,34.227999999999994,0.08426966292134831,False
C1275,Nikita Verma Technologies,Logistics,Uae,Abu Dhabi,35.0,2023-09-06,Paid Ads,1499.0,1.0,Enterprise,Churned,10.692307692307692,190.41538461538462,2.0,7.0,36.93333333333333,1499.0,0.05415162454873647,False
C1276,Myra Reddy Industries,Logistics,Singapore,Singapore,1200.0,2024-06-23,,246.76,4.0,Growth,Churned,11.0,196.12,4.0,7.0,27.233333333333334,61.69,0.14687882496940025,False
C1277,Kiara Gupta Industries,Logistics,Uae,Dubai,3000.0,2023-01-19,Paid Ads,294.52,8.0,Growth,Churned,4.684210526315789,176.0578947368421,3.0,5.666666666666667,44.6,36.815,0.06726457399103139,False
C1278,Meera Sharma Industries,Media,Uk,London,35.0,2024-02-14,Paid Ads,72.52,7.0,Starter,Churned,2.727272727272727,173.9090909090909,6.0,8.0,31.566666666666666,10.36,0.1900739176346357,False
C1279,Divya Verma Solutions,Finance,India,Pune,400.0,2024-06-19,Events,80.36,9.0,Starter,Churned,4.142857142857143,167.5142857142857,3.0,5.333333333333333,27.366666666666667,8.928888888888888,0.10962241169305724,False
C1280,Aman Patel Systems,Healthcare,Singapore,Singapore,80.0,2024-04-06,Organic Search,278.6,6.0,Growth,Active,17.77777777777778,222.34444444444443,7.0,5.0,29.833333333333332,46.43333333333334,0.2346368715083799,False
C1281,Farhan Das Group,Finance,India,Mumbai,12.0,2024-05-17,Partner,2098.6,6.0,Enterprise,Churned,2.125,173.075,2.0,3.0,28.466666666666665,349.76666666666665,0.07025761124121781,True
C1282,Nikita Menon Solutions,Healthcare,Usa,Boston,12.0,2024-12-03,Partner,1978.68,5.0,Enterprise,Active,11.0,297.4,5.0,5.0,21.8,395.736,0.2293577981651376,True
C1283,Kiara Nair Industries,Healthcare,Uae,Dubai,12.0,2023-04-03,Paid Ads,84.28,10.0,Starter,Active,5.190476190476191,246.93333333333334,1.0,3.0,42.13333333333333,8.428,0.023734177215189875,False
C1284,Zoya Das Group,Retail,India,Pune,400.0,2024-12-27,Organic Search,1978.68,5.0,Enterprise,Active,23.0,301.8,3.0,4.333333333333333,21.0,395.736,0.14285714285714285,True
C1285,Isha Verma Solutions,Healthcare,Uk,Manchester,400.0,2023-05-19,Partner,778.44,8.0,Business,Active,2.2,263.385,2.0,5.5,40.6,97.305,0.04926108374384236,False
C1286,Krishna Khan Solutions,Media,Uk,Manchester,150.0,2023-10-27,Referral,326.36,9.0,Growth,Active,7.2,298.0933333333333,1.0,7.0,35.233333333333334,36.26222222222222,0.028382213812677387,False
C1287,Farhan Nair Industries,Education,Uk,Manchester,35.0,2023-09-09,Organic Search,230.84,3.0,Growth,Churned,2.3333333333333335,145.67999999999998,4.0,4.25,36.833333333333336,76.94666666666667,0.10859728506787329,False
C1288,Kiara Das Labs,Retail,India,Bengaluru,400.0,2024-09-09,Organic Search,1618.92,2.0,Enterprise,Active,16.25,310.475,1.0,9.0,24.633333333333333,809.46,0.04059539918809202,False
C1289,Karthik Patel Systems,Healthcare,India,Delhi,1200.0,2023-02-13,Events,262.68,5.0,Growth,Active,4.304347826086956,255.58260869565217,2.0,5.0,43.766666666666666,52.536,0.0456968773800457,False
C1290,Riya Singh Systems,Manufacturing,Uae,Dubai,1200.0,2023-05-09,Referral,2578.28,10.0,Enterprise,Paused,21.45,265.625,4.0,7.25,40.93333333333333,257.82800000000003,0.09771986970684039,True
C1291,Diya Rao Systems,Retail,Usa,Seattle,80.0,2024-11-30,Outbound,60.76,4.0,Starter,Active,19.0,279.85,4.0,7.75,21.9,15.19,0.18264840182648404,False
C1292,Divya Sharma Technologies,Healthcare,Uae,Dubai,3000.0,2024-06-08,Paid Ads,262.68,5.0,Growth,Active,21.142857142857142,248.94285714285712,4.0,5.25,27.733333333333334,52.536,0.14423076923076922,False
C1293,Tara Joshi Systems,Education,Usa,Boston,80.0,2024-06-01,Paid Ads,278.6,6.0,Growth,Active,3.7142857142857144,232.58571428571432,6.0,6.0,27.966666666666665,46.43333333333334,0.21454112038140644,False
C1294,Meera Singh Group,Education,India,Chennai,12.0,2023-07-24,Organic Search,358.2,11.0,Growth,Churned,6.75,119.2625,4.0,6.0,38.4,32.56363636363636,0.10416666666666667,False
C1295,Aman Joshi Group,Logistics,India,Bengaluru,80.0,2024-05-05,Outbound,278.6,6.0,Growth,Active,4.25,247.4375,,,28.866666666666667,46.43333333333334,,False
C1296,Saanvi Khan Group,Healthcare,India,Hyderabad,12.0,2023-02-12,Partner,658.68,5.0,Business,Active,11.73913043478261,240.5782608695652,4.0,7.25,43.8,131.736,0.09132420091324202,False
C1297,Naveen Sharma Technologies,Manufacturing,India,Bengaluru,1200.0,2023-09-16,Partner,698.6,6.0,Business,Active,15.5625,243.3,5.0,5.6,36.6,116.43333333333334,0.13661202185792348,False
C1298,Riya Menon Systems,Media,Singapore,Singapore,35.0,2023-04-14,Paid Ads,56.84,3.0,Starter,Active,4.095238095238095,274.93809523809523,4.0,6.5,41.766666666666666,18.94666666666667,0.09577015163607343,False
C1299,Rahul Iyer Group,Healthcare,Uk,London,12.0,2023-08-23,Paid Ads,374.12,12.0,Growth,Active,5.294117647058823,238.30588235294115,2.0,6.0,37.4,31.176666666666666,0.053475935828877004,False
C1300,Krishna Sharma Solutions,Retail,India,Hyderabad,150.0,2023-06-19,Paid Ads,278.6,6.0,Growth,Active,20.0,256.1157894736842,3.0,6.666666666666667,39.56666666666667,46.43333333333334,0.07582139848357203,False
C1301,Sanjay Verma Industries,Logistics,Uk,London,80.0,2023-02-23,Organic Search,230.84,3.0,Growth,Churned,2.2,162.46,2.0,7.5,43.43333333333333,76.94666666666667,0.046047582501918656,False
C1302,Ishaan Singh Industries,Logistics,Singapore,Singapore,150.0,2024-05-13,Organic Search,778.44,8.0,Business,Churned,9.625,228.1875,3.0,4.333333333333333,28.6,97.305,0.1048951048951049,False
C1303,Farhan Khan Systems,Healthcare,India,Delhi,80.0,2023-08-15,Referral,72.52,7.0,Starter,Active,6.705882352941177,221.6764705882353,7.0,4.857142857142857,37.666666666666664,10.36,0.18584070796460178,False
C1304,Karthik Sharma Group,Finance,Uk,London,400.0,2023-10-18,Paid Ads,64.68,5.0,Starter,Active,4.466666666666667,260.32666666666665,4.0,3.5,35.53333333333333,12.936000000000002,0.11257035647279551,False
C1305,Ananya Reddy Solutions,Manufacturing,Uk,Manchester,400.0,2024-11-01,Organic Search,262.68,7.0,Growth,Churned,1.5,226.45,5.0,4.4,22.866666666666667,37.52571428571429,0.21865889212827988,False
C1306,Ananya Nair Systems,Media,India,Pune,80.0,2024-06-24,Partner,72.52,7.0,Starter,Active,8.285714285714286,259.95714285714286,3.0,7.0,27.2,10.36,0.11029411764705882,False
C1307,Rahul Reddy Technologies,Media,India,Delhi,35.0,2023-09-03,Partner,278.6,6.0,Growth,Active,19.875,224.73125,4.0,6.5,37.03333333333333,46.43333333333334,0.10801080108010802,False
C1308,Naveen Gupta Labs,Unknown,Uk,Manchester,35.0,2024-07-25,Paid Ads,2458.36,9.0,Enterprise,Active,3.3333333333333335,316.65000000000003,1.0,6.0,26.166666666666668,273.1511111111111,0.03821656050955414,True
C1309,Diya Gupta Labs,Education,Singapore,Singapore,35.0,2023-02-06,Partner,80.36,9.0,Starter,Active,7.956521739130435,270.4086956521739,3.0,7.333333333333333,44.0,8.928888888888888,0.06818181818181818,False
C1310,Riya Das Technologies,Logistics,Uk,Manchester,3000.0,2024-08-25,Partner,778.44,8.0,Business,Active,9.0,252.06,3.0,4.666666666666667,25.133333333333333,97.305,0.1193633952254642,False
C1311,Kavya Rao Labs,Education,India,Chennai,80.0,2024-03-25,Partner,64.68,5.0,Starter,Churned,2.25,172.125,1.0,6.0,30.233333333333334,12.936000000000002,0.0330760749724366,False
C1312,Saanvi Bose Labs,Logistics,Singapore,Singapore,150.0,2023-12-05,Outbound,326.36,9.0,Growth,Active,4.6923076923076925,311.6461538461539,5.0,5.2,33.93333333333333,36.26222222222222,0.14734774066797643,False
C1313,Krishna Joshi Solutions,Manufacturing,Uk,Manchester,80.0,2023-06-30,Partner,1978.68,5.0,Enterprise,Active,16.57894736842105,266.9842105263158,9.0,6.0,39.2,395.736,0.22959183673469385,True
C1314,Isha Joshi Industries,Healthcare,Uk,London,150.0,2023-01-05,Paid Ads,310.44,8.0,Growth,Active,13.666666666666666,263.85833333333335,2.0,6.0,45.06666666666667,38.805,0.04437869822485207,False
C1315,Arjun Das Solutions,Manufacturing,India,Pune,35.0,2024-07-13,Organic Search,52.92,2.0,Starter,Paused,15.333333333333334,275.48333333333335,1.0,6.0,26.566666666666666,26.46,0.037641154328732745,False
C1316,Deepak Reddy Group,Education,India,Pune,80.0,2023-08-28,Events,342.28,10.0,Growth,Active,3.2941176470588234,250.04117647058823,2.0,4.5,37.233333333333334,34.227999999999994,0.05371530886302596,False
C1317,Divya Patel Systems,Retail,India,Mumbai,80.0,2024-08-17,Outbound,326.36,9.0,Growth,Active,5.8,243.95999999999998,4.0,4.75,25.4,36.26222222222222,0.15748031496062992,False
C1318,Vihaan Sharma Labs,Media,India,Mumbai,35.0,2023-09-28,Paid Ads,64.68,5.0,Starter,Active,8.125,256.3,2.0,6.0,36.2,12.936000000000002,0.055248618784530384,False
C1319,Divya Bose Group,Finance,India,Delhi,35.0,2024-08-05,Organic Search,294.52,6.0,Growth,Active,11.8,224.4,4.0,5.5,25.8,49.086666666666666,0.15503875968992248,False
C1320,Vihaan Nair Labs,Retail,India,Pune,1200.0,2024-05-16,Paid Ads,326.36,9.0,Growth,Churned,13.5,129.6625,1.0,3.0,28.5,36.26222222222222,0.03508771929824561,False
C1321,Nikita Sharma Group,Logistics,Uk,London,1200.0,2024-08-03,Paid Ads,68.6,6.0,Starter,Active,11.6,256.34000000000003,5.0,4.6,25.866666666666667,11.433333333333332,0.19329896907216496,False
C1322,Arjun Khan Systems,Finance,India,Hyderabad,400.0,2023-09-12,Events,294.52,7.0,Growth,Active,11.6875,222.25,5.0,5.8,36.733333333333334,42.074285714285715,0.13611615245009073,False
C1323,Pooja Verma Labs,Manufacturing,Singapore,Singapore,12.0,2023-10-30,Paid Ads,68.6,6.0,Starter,Active,7.933333333333334,258.97999999999996,4.0,7.0,35.13333333333333,11.433333333333332,0.11385199240986718,False
C1324,Karthik Reddy Technologies,Media,India,Bengaluru,400.0,2023-02-10,Referral,2458.36,9.0,Enterprise,Active,20.17391304347826,266.83478260869566,4.0,4.75,43.86666666666667,273.1511111111111,0.0911854103343465,True
C1325,Ishaan Reddy Group,Healthcare,Uk,London,3000.0,2023-05-09,Paid Ads,2338.44,8.0,Enterprise,Active,4.55,268.61,4.0,5.0,40.93333333333333,292.305,0.09771986970684039,True
C1326,Naveen Sharma Labs,Manufacturing,Uk,Manchester,80.0,2023-03-26,Organic Search,76.44,8.0,Starter,Active,17.045454545454547,257.0772727272727,1.0,4.0,42.4,9.555,0.02358490566037736,False
C1327,Nikita Menon Group,Media,India,Chennai,1200.0,2023-01-09,Organic Search,2098.6,6.0,Enterprise,Active,11.708333333333334,287.8125,5.0,5.4,44.93333333333333,349.76666666666665,0.1112759643916914,True
C1328,Karthik Nair Labs,Media,Usa,Austin,12.0,2023-05-26,Paid Ads,342.28,10.0,Growth,Churned,9.583333333333334,188.025,4.0,3.75,40.36666666666667,34.227999999999994,0.0990916597853014,False
C1329,Kavya Das Group,Finance,India,Mumbai,400.0,2024-06-11,Referral,76.44,8.0,Starter,Active,3.2857142857142856,195.20000000000002,3.0,4.333333333333333,27.633333333333333,9.555,0.10856453558504223,False
C1330,Ananya Sharma Group,Finance,Usa,Austin,12.0,2023-05-14,Outbound,538.92,2.0,Business,Active,3.05,262.085,1.0,3.0,40.766666666666666,269.46,0.024529844644317254,False
C1331,Krishna Bose Industries,Finance,Uae,Abu Dhabi,150.0,2023-08-24,Events,310.44,8.0,Growth,Churned,9.529411764705882,164.63529411764705,2.0,5.5,37.36666666666667,38.805,0.05352363960749331,False
C1332,Diya Singh Labs,Finance,India,Chennai,35.0,2024-11-11,Events,618.76,4.0,Business,Active,23.5,322.54999999999995,1.0,3.0,22.533333333333335,154.69,0.04437869822485207,False
C1333,Aditya Nair Systems,Healthcare,Uk,London,12.0,2023-05-18,Referral,278.6,6.0,Growth,Churned,11.142857142857142,151.21428571428572,5.0,4.4,40.63333333333333,46.43333333333334,0.12305168170631665,False
C1334,Sai Menon Group,Manufacturing,India,Hyderabad,12.0,2025-01-02,Partner,1978.68,5.0,Enterprise,Active,,,1.0,1.0,20.8,395.736,0.04807692307692307,True
C1335,Karthik Rao Systems,Logistics,India,Chennai,1200.0,2023-08-16,Organic Search,778.44,8.0,Business,Active,21.823529411764707,227.86470588235292,4.0,4.75,37.63333333333333,97.305,0.10628875110717449,False
C1336,Sai Reddy Industries,Education,Uae,Abu Dhabi,150.0,2023-06-03,Partner,658.68,5.0,Business,Active,7.105263157894737,249.79999999999998,1.0,2.0,40.1,131.736,0.024937655860349125,False
C1337,Rohan Patel Systems,Finance,Usa,Seattle,400.0,2024-01-16,Organic Search,230.84,3.0,Growth,Churned,2.0,198.13333333333333,,,32.53333333333333,76.94666666666667,,False
C1338,Aadhya Singh Systems,Manufacturing,Usa,Austin,150.0,2023-04-20,Referral,342.28,10.0,Growth,Active,15.428571428571429,194.64285714285714,6.0,7.333333333333333,41.56666666666667,34.227999999999994,0.14434643143544507,False
C1339,Nikita Iyer Group,Education,Uae,Abu Dhabi,80.0,2023-02-23,Partner,278.6,6.0,Growth,Active,8.652173913043478,235.98695652173913,5.0,4.0,43.43333333333333,46.43333333333334,0.11511895625479664,False
C1340,Zoya Joshi Technologies,Healthcare,India,Mumbai,400.0,2024-03-06,Referral,88.2,11.0,Starter,Active,16.7,254.41,2.0,6.5,30.866666666666667,8.018181818181818,0.06479481641468682,False
C1341,Isha Singh Group,Healthcare,India,Delhi,150.0,2023-03-06,Paid Ads,2218.52,7.0,Enterprise,Active,15.590909090909092,263.82272727272726,4.0,5.5,43.06666666666667,316.93142857142857,0.09287925696594426,True
C1342,Divya Joshi Systems,Healthcare,India,Pune,12.0,2023-05-29,Referral,76.44,8.0,Starter,Active,6.65,259.65,4.0,6.5,40.266666666666666,9.555,0.09933774834437087,False
C1343,Isha Iyer Technologies,Manufacturing,Usa,Boston,80.0,2024-12-12,Referral,72.52,7.0,Starter,Active,6.0,216.6,,,21.5,10.36,,False
C1344,Naveen Verma Technologies,Finance,India,Pune,400.0,2023-08-31,Paid Ads,262.68,5.0,Growth,Active,19.235294117647058,244.58235294117645,2.0,8.0,37.13333333333333,52.536,0.05385996409335727,False
C1345,Rahul Gupta Group,Retail,Uae,Abu Dhabi,150.0,2024-02-03,Paid Ads,294.52,5.0,Enterprise,Active,23.636363636363637,264.60909090909087,2.0,7.5,31.933333333333334,58.903999999999996,0.06263048016701461,False
C1346,Krishna Sharma Group,Retail,Uae,Abu Dhabi,1200.0,2024-10-09,Partner,326.36,9.0,Growth,Active,18.666666666666668,216.66666666666666,6.0,6.0,23.633333333333333,36.26222222222222,0.2538787023977433,False
C1347,Deepak Khan Solutions,Manufacturing,India,Hyderabad,80.0,2023-11-03,Referral,72.52,7.0,Starter,Active,18.571428571428573,234.08571428571426,,,35.0,10.36,,False
C1348,Aditya Menon Labs,Healthcare,Usa,Boston,12.0,2023-11-16,Referral,618.76,4.0,Business,Active,6.5,229.7357142857143,3.0,5.666666666666667,34.56666666666667,154.69,0.08678881388621021,False
C1349,Krishna Joshi Systems,Finance,India,Chennai,80.0,2024-02-20,Referral,2458.36,9.0,Enterprise,Active,7.0,255.56363636363633,3.0,5.333333333333333,31.366666666666667,273.1511111111111,0.09564293304994687,True
C1350,Deepak Gupta Labs,Education,India,Hyderabad,400.0,2023-07-28,Referral,1978.68,5.0,Enterprise,Active,18.88888888888889,285.0444444444445,4.0,5.5,38.266666666666666,395.736,0.10452961672473868,True
C1351,Priya Gupta Systems,Retail,India,Pune,150.0,2023-04-17,Partner,76.44,8.0,Starter,Active,4.761904761904762,229.38095238095238,5.0,5.4,41.666666666666664,9.555,0.12000000000000001,False
C1352,Aditya Patel Industries,Manufacturing,India,Hyderabad,1200.0,2024-03-14,Organic Search,2578.28,10.0,Enterprise,Active,9.5,261.96999999999997,4.0,6.0,30.6,257.82800000000003,0.13071895424836602,True
C1353,Farhan Gupta Labs,Retail,Uae,Abu Dhabi,400.0,2025-01-05,Referral,68.6,6.0,Starter,Active,,,2.0,6.5,20.7,11.433333333333332,0.0966183574879227,False
C1354,Vivaan Reddy Group,Retail,India,Delhi,35.0,2023-01-07,Referral,99.96,14.0,Starter,Active,15.75,246.7458333333333,4.0,5.5,45.0,7.14,0.08888888888888889,False
C1355,Nikita Reddy Technologies,Finance,Uk,Manchester,400.0,2024-10-08,Paid Ads,294.52,11.0,Business,Churned,8.666666666666666,214.23333333333335,4.0,5.0,23.666666666666668,26.774545454545454,0.16901408450704225,False
C1356,Divya Joshi Industries,Retail,India,Pune,35.0,2024-02-20,Paid Ads,618.76,4.0,Business,Active,8.272727272727273,242.3272727272727,2.0,5.0,31.366666666666667,154.69,0.06376195536663125,False
C1357,Saanvi Menon Labs,Media,India,Mumbai,400.0,2023-01-20,Referral,262.68,5.0,Growth,Active,9.708333333333334,248.15833333333333,3.0,6.333333333333333,44.56666666666667,52.536,0.06731488406881077,False
C1358,Diya Das Systems,Logistics,India,Pune,3000.0,2023-07-20,Paid Ads,64.68,5.0,Starter,Churned,11.1875,155.23125,4.0,6.0,38.53333333333333,12.936000000000002,0.10380622837370243,False
C1359,Aman Rao Group,Finance,India,Chennai,400.0,2025-01-24,Outbound,658.68,5.0,Business,Active,,,3.0,6.666666666666667,20.066666666666666,131.736,0.14950166112956811,False
C1360,Deepak Gupta Group,Education,India,Pune,12.0,2024-08-04,Referral,60.76,4.0,Starter,Active,6.2,286.2,2.0,4.5,25.833333333333332,15.19,0.07741935483870968,False
C1361,Meera Khan Systems,Retail,Usa,Boston,35.0,2024-10-27,Partner,658.68,5.0,Business,Active,19.0,222.23333333333335,1.0,5.0,23.033333333333335,131.736,0.04341534008683068,False
C1362,Aditya Patel Solutions,Education,India,Mumbai,12.0,2023-03-31,Outbound,64.68,5.0,Starter,Active,12.363636363636363,263.8727272727273,6.0,3.3333333333333335,42.233333333333334,12.936000000000002,0.1420678768745067,False
C1363,Pooja Gupta Group,Logistics,India,Pune,35.0,2024-08-10,Events,310.44,8.0,Growth,Active,6.8,256.8,6.0,5.666666666666667,25.633333333333333,38.805,0.2340702210663199,False
C1364,Aarav Bose Labs,Manufacturing,India,Delhi,150.0,2023-12-01,Paid Ads,1978.68,5.0,Enterprise,Paused,12.23076923076923,229.8846153846154,4.0,4.5,34.06666666666667,395.736,0.11741682974559686,True
C1365,Diya Joshi Industries,Finance,India,Hyderabad,35.0,2024-06-26,Events,778.44,8.0,Business,Active,20.142857142857142,285.8,1.0,1.0,27.133333333333333,97.305,0.036855036855036855,False
C1366,Kavya Verma Labs,Education,India,Chennai,35.0,2024-06-05,Partner,278.6,6.0,Growth,Active,15.285714285714286,307.4857142857143,6.0,5.666666666666667,27.833333333333332,46.43333333333334,0.2155688622754491,False
C1367,Kiara Gupta Industries,Logistics,India,Delhi,400.0,2024-11-01,Paid Ads,76.44,8.0,Starter,Churned,15.0,197.2,4.0,5.25,22.866666666666667,9.555,0.1749271137026239,False
C1368,Priya Singh Solutions,Healthcare,India,Chennai,12.0,2024-09-09,Organic Search,52.92,2.0,Starter,Active,14.75,200.6,3.0,7.333333333333333,24.633333333333333,26.46,0.12178619756427606,False
C1369,Meera Reddy Industries,Retail,Usa,Seattle,80.0,2024-11-29,Referral,2098.6,6.0,Enterprise,Active,19.5,193.3,5.0,5.2,21.933333333333334,349.76666666666665,0.22796352583586627,True
C1370,Arun Joshi Group,Logistics,India,Pune,12.0,2023-11-03,Paid Ads,658.68,5.0,Business,Active,8.357142857142858,241.12142857142857,2.0,5.5,35.0,131.736,0.05714285714285714,False
C1371,Nikita Singh Technologies,Finance,India,Pune,400.0,2023-10-08,Organic Search,262.68,5.0,Growth,Active,14.2,226.94666666666666,4.0,6.5,35.86666666666667,52.536,0.11152416356877323,False
C1372,Isha Joshi Group,Retail,India,Hyderabad,150.0,2024-07-15,Outbound,294.52,7.0,Growth,Active,22.5,234.9,3.0,5.666666666666667,26.5,42.074285714285715,0.11320754716981132,False
C1373,Naveen Patel Group,Logistics,India,Pune,400.0,2023-09-20,Referral,60.76,4.0,Starter,Active,16.1875,224.725,1.0,5.0,36.46666666666667,15.19,0.027422303473491772,False
C1374,Ananya Joshi Industries,Finance,Usa,Seattle,80.0,2023-12-11,Events,778.44,8.0,Business,Active,14.0,218.56153846153848,3.0,6.333333333333333,33.733333333333334,97.305,0.08893280632411067,False
C1375,Tara Bose Group,Healthcare,Singapore,Singapore,3000.0,2023-03-30,Paid Ads,68.6,6.0,Starter,Active,2.9545454545454546,209.72727272727272,4.0,4.75,42.266666666666666,11.433333333333332,0.09463722397476342,False
C1376,Vivaan Khan Systems,Media,India,Delhi,400.0,2023-06-29,Partner,310.44,8.0,Growth,Active,20.526315789473685,235.3842105263158,1.0,7.0,39.233333333333334,38.805,0.025488530161427356,False
C1377,Zoya Bose Technologies,Logistics,Singapore,Singapore,35.0,2024-07-09,Organic Search,698.6,6.0,Business,Churned,10.166666666666666,153.08333333333334,5.0,6.2,26.7,116.43333333333334,0.18726591760299627,False
C1378,Sneha Reddy Solutions,Logistics,India,Bengaluru,80.0,2023-11-27,Outbound,383.20000000000005,12.0,Starter,Active,1.6428571428571428,151.92142857142858,4.0,3.0,34.2,31.933333333333337,0.11695906432748537,False
C1379,Pooja Rao Labs,Media,Uk,Manchester,1200.0,2024-02-09,Referral,60.76,4.0,Starter,Active,13.909090909090908,251.1,6.0,6.833333333333333,31.733333333333334,15.19,0.18907563025210083,False
C1380,Ishaan Reddy Labs,Media,Singapore,Singapore,80.0,2024-06-11,Partner,1618.92,2.0,Enterprise,Churned,14.0,148.82857142857142,4.0,6.25,27.633333333333333,809.46,0.14475271411338964,False
C1381,Diya Nair Systems,Media,Usa,Seattle,150.0,2023-05-27,Paid Ads,2218.52,7.0,Enterprise,Churned,6.1,176.98499999999999,3.0,6.666666666666667,40.333333333333336,316.93142857142857,0.0743801652892562,True
C1382,Sai Singh Systems,Logistics,India,Pune,400.0,2024-09-25,Outbound,68.6,6.0,Starter,Active,14.25,206.175,1.0,8.0,24.1,11.433333333333332,0.04149377593360996,False
C1383,Myra Patel Solutions,Logistics,Usa,Boston,12.0,2024-08-04,Partner,92.12,12.0,Starter,Active,3.0,239.28000000000003,6.0,5.833333333333333,25.833333333333332,7.676666666666667,0.23225806451612904,False
C1384,Arjun Joshi Technologies,Finance,India,Pune,1200.0,2024-08-26,Organic Search,2098.6,6.0,Enterprise,Active,12.2,291.04,3.0,7.0,25.1,349.76666666666665,0.1195219123505976,True
C1385,Vihaan Das Group,Logistics,India,Hyderabad,12.0,2024-11-14,Paid Ads,2218.52,7.0,Enterprise,Churned,1.5,77.94999999999999,5.0,5.2,22.433333333333334,316.93142857142857,0.22288261515601782,True
C1386,Naveen Singh Technologies,Media,Usa,Seattle,12.0,2023-01-21,Referral,72.52,7.0,Starter,Active,15.958333333333334,270.47499999999997,6.0,5.333333333333333,44.53333333333333,10.36,0.1347305389221557,False
C1387,Arun Nair Solutions,Finance,India,Chennai,35.0,2024-03-20,Outbound,310.44,8.0,Growth,Active,19.8,218.83,4.0,6.75,30.4,38.805,0.13157894736842105,False
C1388,Sai Bose Group,Retail,India,Mumbai,400.0,2023-06-08,Paid Ads,310.44,8.0,Growth,Active,10.789473684210526,236.1157894736842,1.0,3.0,39.93333333333333,38.805,0.025041736227045076,False
C1389,Meera Sharma Industries,Education,Uae,Dubai,400.0,2024-01-01,Outbound,738.52,7.0,Business,Active,11.416666666666666,206.64166666666665,2.0,3.5,33.03333333333333,105.50285714285714,0.06054490413723512,False
C1390,Rahul Reddy Labs,Retail,Uk,London,150.0,2024-03-01,Outbound,278.6,6.0,Growth,Churned,1.8,141.75,5.0,6.6,31.033333333333335,46.43333333333334,0.16111707841031148,False
C1391,Nikita Verma Industries,Logistics,India,Chennai,12.0,2023-11-11,Paid Ads,68.6,6.0,Starter,Active,2.142857142857143,251.6357142857143,5.0,5.2,34.733333333333334,11.433333333333332,0.14395393474088292,False
C1392,Ananya Rao Industries,Media,Uae,Dubai,400.0,2023-04-08,Outbound,64.68,5.0,Starter,Active,18.571428571428573,229.2047619047619,2.0,4.5,41.96666666666667,12.936000000000002,0.04765687053216838,False
C1393,Sneha Bose Technologies,Manufacturing,Uae,Dubai,35.0,2023-10-06,Outbound,278.6,6.0,Growth,Active,22.333333333333332,259.84666666666664,3.0,6.333333333333333,35.93333333333333,46.43333333333334,0.08348794063079779,False
C1394,Sai Menon Group,Retail,Singapore,Singapore,12.0,2023-05-07,Partner,278.6,6.0,Growth,Active,13.45,228.26500000000001,3.0,4.0,41.0,46.43333333333334,0.07317073170731707,False
C1395,Deepak Patel Labs,Education,Singapore,Singapore,12.0,2024-11-05,Paid Ads,3177.88,15.0,Enterprise,Active,12.0,257.7,5.0,5.6,22.733333333333334,211.85866666666666,0.21994134897360704,True
C1396,Sai Joshi Systems,Finance,India,Bengaluru,80.0,2023-12-18,Events,326.36,9.0,Growth,Churned,9.571428571428571,177.64285714285714,3.0,6.333333333333333,33.5,36.26222222222222,0.08955223880597014,False
C1397,Divya Reddy Group,Logistics,Uae,Dubai,80.0,2024-12-20,Paid Ads,938.12,12.0,Business,Active,13.0,317.7,3.0,6.333333333333333,21.233333333333334,78.17666666666666,0.14128728414442698,False
C1398,Zoya Rao Group,Healthcare,Usa,Boston,3000.0,2024-01-21,Events,326.36,9.0,Growth,Churned,3.4166666666666665,160.57500000000002,4.0,4.75,32.36666666666667,36.26222222222222,0.12358393408856848,False
C1399,Aman Patel Technologies,Healthcare,Usa,Boston,80.0,2024-03-29,Paid Ads,658.68,5.0,Business,Churned,8.2,148.4,1.0,4.0,30.1,131.736,0.03322259136212624,False
C1400,Arjun Bose Solutions,Education,India,Delhi,80.0,2024-10-18,Events,294.52,7.0,Growth,Active,10.666666666666666,297.3,2.0,8.0,23.333333333333332,42.074285714285715,0.08571428571428572,False
C1401,Naveen Gupta Solutions,Finance,India,Bengaluru,80.0,2024-03-15,Events,342.28,10.0,Growth,Churned,2.7,202.13,4.0,5.25,30.566666666666666,34.227999999999994,0.13086150490730644,False
C1402,Rohan Reddy Industries,Manufacturing,India,Chennai,35.0,2024-12-03,Partner,262.68,5.0,Growth,Churned,13.0,74.1,3.0,6.666666666666667,21.8,52.536,0.13761467889908258,False
C1403,Sai Khan Labs,Media,India,Chennai,35.0,2024-08-15,Organic Search,278.6,6.0,Growth,Active,16.2,208.64000000000001,4.0,6.75,25.466666666666665,46.43333333333334,0.15706806282722513,False
C1404,Rahul Nair Labs,Logistics,India,Mumbai,35.0,2024-03-08,Partner,778.44,8.0,Business,Active,9.7,280.01,4.0,6.5,30.8,97.305,0.12987012987012986,False
C1405,Deepak Gupta Labs,Retail,India,Chennai,35.0,2024-04-08,Outbound,246.76,4.0,Growth,Churned,4.444444444444445,200.86666666666667,1.0,6.0,29.766666666666666,61.69,0.0335946248600224,False
C1406,Vihaan Joshi Group,Education,Uk,London,35.0,2024-04-19,Organic Search,278.6,6.0,Growth,Active,6.222222222222222,222.3111111111111,5.0,6.0,29.4,46.43333333333334,0.17006802721088435,False
C1407,Meera Gupta Labs,Logistics,India,Hyderabad,80.0,2024-10-23,Partner,738.52,7.0,Business,Active,19.333333333333332,237.63333333333333,2.0,6.5,23.166666666666668,105.50285714285714,0.08633093525179855,False
C1408,Aarav Reddy Labs,Finance,India,Delhi,12.0,2023-10-21,Events,68.6,6.0,Starter,Active,7.666666666666667,264.24666666666667,3.0,5.333333333333333,35.43333333333333,11.433333333333332,0.08466603951081844,False
C1409,Saanvi Iyer Industries,Unknown,Usa,Boston,80.0,2023-05-22,Organic Search,68.6,6.0,Starter,Churned,7.7,141.4,2.0,8.5,40.5,11.433333333333332,0.04938271604938271,False
C1410,Isha Khan Technologies,Media,India,Hyderabad,12.0,2024-03-18,Organic Search,326.36,9.0,Growth,Churned,12.4,167.14000000000001,2.0,5.0,30.466666666666665,36.26222222222222,0.06564551422319476,False
C1411,Saanvi Verma Technologies,Education,India,Chennai,150.0,2025-01-07,Organic Search,262.68,5.0,Growth,Active,,,5.0,6.0,20.633333333333333,52.536,0.24232633279483037,False
C1412,Farhan Verma Solutions,Manufacturing,India,Delhi,1200.0,2024-05-15,Referral,2534.8,17.0,Enterprise,Churned,4.75,142.075,1.0,6.0,28.533333333333335,149.1058823529412,0.035046728971962614,True
C1413,Kiara Joshi Solutions,Finance,India,Bengaluru,80.0,2023-09-11,Organic Search,246.76,4.0,Growth,Active,7.0625,230.9125,3.0,7.666666666666667,36.766666666666666,61.69,0.0815956482320943,False
C1414,Zoya Joshi Solutions,Education,Uk,Manchester,150.0,2023-12-30,Referral,326.36,9.0,Growth,Churned,13.0,176.26666666666665,4.0,4.5,33.1,36.26222222222222,0.12084592145015105,False
C1415,Sneha Rao Group,Retail,Singapore,Singapore,12.0,2024-02-12,Events,778.44,8.0,Business,Active,8.363636363636363,226.7,3.0,4.333333333333333,31.633333333333333,97.305,0.09483667017913594,False
C1416,Sneha Sharma Systems,Healthcare,Usa,Austin,400.0,2023-01-04,Partner,658.68,5.0,Business,Active,17.083333333333332,255.1625,4.0,3.75,45.1,131.736,0.08869179600886917,False
C1417,Naveen Patel Technologies,Healthcare,India,Chennai,80.0,2023-04-07,Events,326.36,9.0,Growth,Churned,7.5,154.25,4.0,5.0,42.0,36.26222222222222,0.09523809523809523,False
C1418,Naveen Patel Technologies,Manufacturing,India,Delhi,80.0,2023-12-17,Partner,326.36,9.0,Growth,Active,7.384615384615385,247.8923076923077,1.0,2.0,33.53333333333333,36.26222222222222,0.029821073558648114,False
C1419,Diya Nair Industries,Manufacturing,Uk,London,150.0,2024-11-29,Organic Search,294.52,7.0,Growth,Active,16.5,186.45,1.0,8.0,21.933333333333334,42.074285714285715,0.04559270516717325,False
C1420,Arun Gupta Technologies,Healthcare,Usa,Seattle,3000.0,2023-03-07,Organic Search,278.6,6.0,Growth,Active,5.454545454545454,219.9818181818182,3.0,6.333333333333333,43.03333333333333,46.43333333333334,0.069713400464756,False
