CustomerID,MRR,Seats,Logins,ActiveUsers,SessionMinutes,SatisfactionScore,Cluster,Segment
C1001,278.6,6.0,9.25,4.5,140.0875,6.5,0,High Value
C1002,246.76,4.0,19.727272727272727,12.181818181818182,274.6454545454545,7.0,2,Low Engagement
C1003,278.6,6.0,11.6875,7.25,295.8875,3.0,3,Support Heavy
C1005,618.76,4.0,10.23076923076923,4.6923076923076925,161.69230769230768,6.0,0,High Value
C1006,1618.92,2.0,21.5,12.75,194.55,6.0,2,Low Engagement
C1007,658.68,5.0,5.318181818181818,2.909090909090909,262.67727272727274,8.5,3,Support Heavy
C1008,818.36,9.0,14.090909090909092,9.454545454545455,262.02727272727276,7.5,2,Low Engagement
C1009,2098.6,6.0,12.222222222222221,6.444444444444445,276.29999999999995,5.75,1,Growing Users
C1010,278.6,6.0,13.5,5.5,167.43333333333334,5.333333333333333,0,High Value
C1011,262.68,5.0,4.8,2.4,260.665,4.5,3,Support Heavy
C1012,1978.68,5.0,1.4,0.7,171.53,5.0,0,High Value
C1013,1931.28,11.0,0.0,0.0,242.1,6.0,3,Support Heavy
C1014,68.6,6.0,6.166666666666667,3.6666666666666665,279.0833333333333,6.0,3,Support Heavy
C1015,246.76,4.0,5.083333333333333,2.8333333333333335,263.19166666666666,5.0,3,Support Heavy
C1016,978.04,13.0,3.1666666666666665,1.25,143.39166666666668,6.5,0,High Value
C1017,60.76,4.0,3.4285714285714284,1.8571428571428572,261.31428571428575,4.0,3,Support Heavy
C1018,2098.6,6.0,8.7,5.3,275.96,4.333333333333333,1,Growing Users
C1019,326.36,9.0,16.555555555555557,8.11111111111111,274.7,5.5,2,Low Engagement
C1020,68.6,6.0,7.857142857142857,4.714285714285714,163.57142857142858,5.8,0,High Value
C1021,76.44,8.0,13.2,7.4,246.51500000000001,4.75,2,Low Engagement
C1022,64.68,5.0,2.75,1.0625,238.99375,6.125,3,Support Heavy
C1023,778.44,8.0,2.8,0.8,272.41999999999996,5.8,3,Support Heavy
C1024,246.76,4.0,15.666666666666666,7.333333333333333,256.8,5.5,2,Low Engagement
C1025,262.68,5.0,3.3333333333333335,1.619047619047619,267.2761904761905,4.5,3,Support Heavy
C1026,698.6,6.0,7.75,4.375,150.5125,4.0,0,High Value
C1027,778.44,8.0,3.0,1.6666666666666667,153.11666666666667,7.0,0,High Value
C1028,294.52,7.0,10.842105263157896,6.473684210526316,158.29999999999998,5.0,0,High Value
C1029,698.6,6.0,6.75,2.9166666666666665,264.81666666666666,6.333333333333333,3,Support Heavy
C1030,2458.36,9.0,18.857142857142858,11.0,270.2857142857143,6.0,1,Growing Users
C1033,342.28,10.0,10.428571428571429,6.642857142857143,266.45,5.4,3,Support Heavy
C1035,1978.68,5.0,9.0,5.105263157894737,284.2421052631579,5.571428571428571,1,Growing Users
C1036,80.36,9.0,9.882352941176471,6.0,232.74117647058824,5.833333333333333,3,Support Heavy
C1037,1978.68,5.0,3.8181818181818183,2.090909090909091,173.79090909090908,5.666666666666667,0,High Value
C1038,246.76,4.0,5.071428571428571,2.7142857142857144,134.1357142857143,4.25,0,High Value
C1039,76.44,8.0,3.772727272727273,1.9090909090909092,244.15454545454543,6.5,3,Support Heavy
C1040,326.36,9.0,8.363636363636363,4.545454545454546,231.4181818181818,5.75,3,Support Heavy
C1041,437.8,16.0,8.538461538461538,4.3076923076923075,243.34615384615384,5.5,3,Support Heavy
C1042,60.76,4.0,15.55,9.15,259.895,6.0,2,Low Engagement
C1043,698.6,6.0,9.61111111111111,5.5,183.34444444444443,4.0,0,High Value
C1044,246.76,4.0,13.0,6.833333333333333,180.86666666666667,5.0,0,High Value
C1045,2578.28,10.0,8.714285714285714,4.285714285714286,241.20000000000002,6.4,1,Growing Users
C1046,294.52,3.0,2.1875,0.625,165.7875,5.833333333333333,0,High Value
C1047,80.36,9.0,20.0,10.285714285714286,233.7428571428571,5.0,2,Low Engagement
C1048,658.68,5.0,3.4444444444444446,1.6111111111111112,193.27222222222224,5.0,0,High Value
C1049,4676.88,16.0,10.666666666666666,6.0,228.63333333333335,6.714285714285714,1,Growing Users
C1050,1825.3600000000001,10.0,9.181818181818182,4.636363636363637,203.86363636363637,6.0,1,Growing Users
C1051,262.68,5.0,18.4,10.4,257.26,7.2,2,Low Engagement
C1052,390.04,13.0,11.5,7.375,266.4875,5.25,3,Support Heavy
C1053,310.44,8.0,5.6,2.8666666666666667,134.4933333333333,6.5,0,High Value
C1054,818.36,9.0,7.0,4.5,412.45,5.333333333333333,3,Support Heavy
C1055,68.6,6.0,7.444444444444445,3.5555555555555554,145.66111111111113,6.0,0,High Value
C1056,658.68,5.0,2.3333333333333335,1.0,280.2833333333333,4.5,3,Support Heavy
C1057,76.44,8.0,18.571428571428573,9.714285714285714,219.79285714285714,9.0,2,Low Engagement
C1058,64.68,5.0,9.0,4.6,144.8,9.0,0,High Value
C1059,658.68,5.0,18.833333333333332,11.833333333333334,264.55,6.5,2,Low Engagement
C1060,80.36,9.0,21.38888888888889,12.444444444444445,243.0388888888889,5.5,2,Low Engagement
C1061,310.44,8.0,14.0,8.31578947368421,271.32631578947365,6.5,2,Low Engagement
C1062,358.2,11.0,2.0,0.6666666666666666,146.0,5.0,0,High Value
C1063,56.84,3.0,5.2,2.5,146.06,4.75,0,High Value
C1064,68.6,6.0,8.8,3.9,254.6,8.0,3,Support Heavy
C1065,898.2,11.0,6.0,3.1333333333333333,273.18,6.25,3,Support Heavy
C1066,88.2,11.0,5.333333333333333,2.6666666666666665,234.61666666666667,3.3333333333333335,3,Support Heavy
C1067,326.36,9.0,12.636363636363637,7.545454545454546,214.62727272727273,5.833333333333333,2,Low Engagement
C1068,262.68,5.0,2.5,0.5,312.79999999999995,5.5,3,Support Heavy
C1069,80.36,9.0,15.411764705882353,8.294117647058824,267.58235294117645,7.5,2,Low Engagement
C1071,326.36,9.0,20.5,10.25,242.325,6.0,2,Low Engagement
C1072,278.6,6.0,17.523809523809526,10.047619047619047,232.34285714285713,5.75,2,Low Engagement
C1073,84.28,10.0,8.823529411764707,5.0588235294117645,276.40588235294115,3.25,3,Support Heavy
C1074,294.52,7.0,7.333333333333333,4.0,215.66666666666666,4.4,3,Support Heavy
C1075,738.52,7.0,4.875,2.75,253.825,6.6,3,Support Heavy
C1076,2542.6400000000003,19.0,12.125,5.75,149.575,4.0,1,Growing Users
C1077,80.36,9.0,6.4,3.5,231.76,7.5,3,Support Heavy
C1078,76.44,8.0,3.2,1.3,228.05,6.0,3,Support Heavy
C1079,778.44,8.0,12.166666666666666,7.166666666666667,218.1,7.2,2,Low Engagement
C1080,310.44,8.0,3.625,1.75,227.14999999999998,5.5,3,Support Heavy
C1081,64.68,5.0,2.3333333333333335,0.8888888888888888,240.5222222222222,6.666666666666667,3,Support Heavy
C1082,294.52,7.0,13.142857142857142,5.857142857142857,284.87142857142857,4.333333333333333,3,Support Heavy
C1083,80.36,9.0,6.3,3.1,261.63,5.0,3,Support Heavy
C1085,618.76,4.0,13.625,7.5,158.63750000000002,8.0,0,High Value
C1086,818.36,9.0,2.1904761904761907,1.0,247.0857142857143,2.5,3,Support Heavy
C1087,60.76,4.0,5.0,3.0,184.5,5.75,0,High Value
C1088,310.44,8.0,3.4210526315789473,1.631578947368421,230.11052631578949,6.333333333333333,3,Support Heavy
C1089,294.52,9.0,2.75,1.125,320.4875,7.5,3,Support Heavy
C1090,326.36,9.0,3.0,1.3333333333333333,183.9333333333333,6.333333333333333,0,High Value
C1091,618.76,4.0,6.5,3.0,369.54999999999995,1.0,3,Support Heavy
C1092,68.6,6.0,7.0,2.0,221.8,4.5,3,Support Heavy
C1093,658.68,5.0,13.15,7.95,284.40999999999997,5.4,2,Low Engagement
C1094,1858.76,4.0,17.136363636363637,9.363636363636363,248.61363636363637,5.0,1,Growing Users
C1095,72.52,7.0,7.391304347826087,4.0,227.16086956521738,2.0,3,Support Heavy
C1096,310.44,8.0,15.1,7.5,254.92,6.4,2,Low Engagement
C1097,68.6,6.0,4.0,2.0,350.7,7.0,3,Support Heavy
C1098,818.36,9.0,8.666666666666666,4.222222222222222,284.4111111111111,5.0,3,Support Heavy
C1099,88.2,11.0,5.3076923076923075,2.5384615384615383,149.09230769230768,6.333333333333333,0,High Value
C1100,2098.6,6.0,16.5,8.333333333333334,246.26666666666665,4.5,1,Growing Users
C1101,294.52,7.0,7.217391304347826,3.739130434782609,244.4086956521739,4.0,3,Support Heavy
C1102,2218.52,7.0,14.954545454545455,8.227272727272727,240.34545454545452,6.5,1,Growing Users
C1103,3057.96,14.0,11.38888888888889,7.055555555555555,251.96666666666664,5.0,1,Growing Users
C1104,72.52,7.0,4.666666666666667,2.0,243.9333333333333,2.0,3,Support Heavy
C1105,698.6,6.0,9.083333333333334,5.0,255.6291666666667,6.5,3,Support Heavy
C1106,199.0,1.0,4.75,2.75,265.70000000000005,4.333333333333333,3,Support Heavy
C1107,64.68,5.0,10.076923076923077,5.230769230769231,128.42307692307693,4.75,0,High Value
C1108,68.6,6.0,13.291666666666666,8.125,248.1,8.5,2,Low Engagement
C1109,262.68,5.0,17.26086956521739,9.478260869565217,237.0608695652174,6.166666666666667,2,Low Engagement
C1110,294.52,7.0,11.666666666666666,6.166666666666667,300.6333333333333,7.0,2,Low Engagement
C1111,658.68,5.0,13.857142857142858,8.142857142857142,293.65714285714284,5.166666666666667,2,Low Engagement
C1112,72.52,7.0,12.3125,7.1875,131.1,6.0,0,High Value
C1113,2578.28,10.0,18.75,14.5,224.575,5.0,1,Growing Users
C1114,80.36,9.0,21.5,13.5,355.95,4.5,2,Low Engagement
C1115,88.2,11.0,8.0,2.75,231.42499999999998,6.0,3,Support Heavy
C1116,80.36,9.0,3.0,2.0,206.0,5.2,3,Support Heavy
C1117,738.52,7.0,7.0,5.0,279.7,4.666666666666667,3,Support Heavy
C1118,278.6,6.0,4.166666666666667,1.5,215.79999999999998,2.0,3,Support Heavy
C1119,72.52,7.0,7.944444444444445,4.333333333333333,248.10000000000002,7.333333333333333,3,Support Heavy
C1120,310.44,8.0,7.571428571428571,4.428571428571429,298.7714285714286,5.0,3,Support Heavy
C1121,1858.76,4.0,17.19047619047619,9.047619047619047,266.49523809523805,6.0,1,Growing Users
C1122,310.44,8.0,6.375,3.25,164.5875,5.0,0,High Value
C1123,92.12,12.0,12.875,8.0,280.725,5.0,2,Low Engagement
C1124,278.6,6.0,5.4,3.2,310.65999999999997,6.0,3,Support Heavy
C1125,88.2,11.0,12.214285714285714,6.928571428571429,138.44285714285715,5.6,0,High Value
C1126,96.04,13.0,13.2,8.733333333333333,268.49333333333334,5.25,2,Low Engagement
C1127,278.6,6.0,17.3,9.1,241.11999999999998,4.166666666666667,2,Low Engagement
C1128,88.2,11.0,20.3125,11.6875,241.3875,6.5,2,Low Engagement
C1129,858.28,10.0,7.125,4.0,214.6625,6.333333333333333,3,Support Heavy
C1130,80.36,9.0,18.1,10.8,261.88,8.333333333333334,2,Low Engagement
C1131,525.36,10.0,6.142857142857143,3.0952380952380953,197.4047619047619,4.75,0,High Value
C1134,56.84,3.0,18.875,9.666666666666666,246.07500000000002,5.666666666666667,2,Low Engagement
C1135,246.76,4.0,11.357142857142858,6.785714285714286,233.9857142857143,4.666666666666667,3,Support Heavy
C1137,342.28,10.0,13.75,7.75,170.825,5.5,0,High Value
C1138,84.28,10.0,16.666666666666668,8.333333333333334,200.43333333333337,5.0,2,Low Engagement
C1139,68.6,6.0,11.722222222222221,6.0,275.17777777777775,5.25,3,Support Heavy
C1140,278.6,6.0,9.0,3.75,195.425,5.285714285714286,0,High Value
C1141,278.6,6.0,5.913043478260869,3.0869565217391304,295.21304347826083,4.0,3,Support Heavy
C1142,326.36,9.0,12.272727272727273,6.863636363636363,264.69545454545454,6.75,2,Low Engagement
C1143,88.2,11.0,6.125,3.25,147.14375,4.5,0,High Value
C1144,2698.2,11.0,18.0,10.916666666666666,283.10833333333335,5.0,1,Growing Users
C1145,68.6,6.0,14.227272727272727,7.681818181818182,277.54090909090905,5.0,2,Low Engagement
C1146,294.52,7.0,5.5,2.8333333333333335,244.19583333333333,3.5,3,Support Heavy
C1147,262.68,5.0,12.357142857142858,6.071428571428571,285.2142857142857,4.5,3,Support Heavy
C1148,778.44,8.0,4.5,1.75,208.20000000000002,3.0,3,Support Heavy
C1149,1978.68,5.0,3.380952380952381,1.8571428571428572,281.87142857142857,5.0,3,Support Heavy
C1151,778.44,8.0,7.764705882352941,4.529411764705882,111.0,2.0,0,High Value
C1152,294.52,7.0,3.8,1.4,177.34,5.2,0,High Value
C1153,618.76,4.0,6.0,2.2,231.35999999999999,8.0,3,Support Heavy
C1154,723.3599999999999,10.0,2.6666666666666665,1.3333333333333333,219.30000000000004,6.0,3,Support Heavy
C1155,2098.6,6.0,6.0625,2.875,270.1875,6.666666666666667,1,Growing Users
C1156,2218.52,7.0,8.5,4.6,297.44,6.5,1,Growing Users
C1157,230.84,3.0,6.909090909090909,3.5454545454545454,237.36363636363637,5.166666666666667,3,Support Heavy
C1158,84.28,10.0,9.136363636363637,4.409090909090909,231.14545454545453,5.666666666666667,3,Support Heavy
C1159,80.36,9.0,12.5,6.5,238.2,5.333333333333333,3,Support Heavy
C1160,68.6,6.0,10.0,4.0,228.8,5.0,3,Support Heavy
C1161,246.76,4.0,2.75,1.125,282.5125,4.0,3,Support Heavy
C1162,2098.6,6.0,6.5,3.5,137.79999999999998,5.666666666666667,0,High Value
C1163,278.6,6.0,5.5625,2.8125,248.9625,4.0,3,Support Heavy
C1164,80.36,9.0,17.0,9.266666666666667,249.8,4.666666666666667,2,Low Engagement
C1165,72.52,7.0,15.3,9.3,251.84,5.4,2,Low Engagement
C1166,2338.44,8.0,6.2,4.2,209.94,4.0,1,Growing Users
C1167,278.6,6.0,3.142857142857143,1.2380952380952381,234.7047619047619,6.75,3,Support Heavy
C1168,56.84,3.0,21.2,10.933333333333334,263.61333333333334,6.5,2,Low Engagement
C1169,658.68,5.0,4.0,1.75,273.725,9.333333333333334,3,Support Heavy
C1170,76.44,8.0,12.333333333333334,7.666666666666667,152.11666666666667,4.5,0,High Value
C1173,76.44,8.0,8.75,5.0,142.85,5.0,0,High Value
C1174,230.84,3.0,12.6,5.6,187.14000000000001,6.0,0,High Value
C1175,56.84,3.0,5.15,2.35,234.58,5.714285714285714,3,Support Heavy
C1176,72.52,7.0,12.0,5.8,159.62,4.8,0,High Value
C1177,72.52,7.0,17.5,11.142857142857142,291.5285714285714,5.2,2,Low Engagement
C1178,326.36,9.0,18.94736842105263,10.789473684210526,250.7947368421053,4.5,2,Low Engagement
C1179,60.76,4.0,4.285714285714286,2.0,149.79999999999998,5.0,0,High Value
C1180,68.6,6.0,12.909090909090908,8.545454545454545,181.0818181818182,1.0,0,High Value
C1181,230.84,3.0,16.25,8.5,181.45,4.5,2,Low Engagement
C1182,1978.68,5.0,2.3125,0.875,156.73125,3.75,0,High Value
C1183,402.8,17.0,5.777777777777778,2.888888888888889,149.10000000000002,6.0,0,High Value
C1184,818.36,9.0,9.142857142857142,4.714285714285714,253.34761904761905,3.5,3,Support Heavy
C1185,294.52,7.0,10.6,5.4,203.24,6.0,0,High Value
C1186,738.52,7.0,6.933333333333334,3.933333333333333,253.22666666666666,6.0,3,Support Heavy
C1187,578.84,3.0,20.9,12.2,297.59000000000003,5.5,2,Low Engagement
C1188,778.44,8.0,21.61111111111111,13.61111111111111,266.9222222222222,5.0,2,Low Engagement
C1189,310.44,8.0,3.8,1.8,120.85999999999999,3.0,0,High Value
C1190,342.28,10.0,2.3043478260869565,0.782608695652174,256.2913043478261,9.0,3,Support Heavy
C1191,68.6,6.0,18.923076923076923,10.076923076923077,249.33846153846156,6.5,2,Low Engagement
C1192,84.28,10.0,3.4444444444444446,1.7777777777777777,246.95555555555555,5.0,3,Support Heavy
C1193,278.6,6.0,3.6,2.0,299.71999999999997,5.0,3,Support Heavy
C1194,3957.3599999999997,10.0,10.5,6.2,155.55,5.2,1,Growing Users
C1195,2578.28,10.0,11.2,6.0,233.445,5.2,1,Growing Users
C1196,99.96,14.0,1.5,0.5,147.45,7.333333333333333,0,High Value
C1197,88.2,11.0,9.555555555555555,5.444444444444445,272.84444444444443,5.333333333333333,3,Support Heavy
C1198,2218.52,7.0,17.952380952380953,8.523809523809524,255.61904761904762,6.5,1,Growing Users
C1199,278.6,6.0,2.4,1.0,248.28000000000003,5.0,3,Support Heavy
C1200,60.76,4.0,10.5,3.5,223.95,4.666666666666667,3,Support Heavy
C1201,1858.76,4.0,20.0,9.0,337.2,5.5,2,Low Engagement
C1202,1112.88,16.0,18.0,6.0,335.6,5.0,1,Growing Users
C1203,858.28,10.0,12.0,7.333333333333333,273.6666666666667,7.0,2,Low Engagement
C1204,2338.44,8.0,14.478260869565217,8.782608695652174,270.2217391304348,5.666666666666667,1,Growing Users
C1205,778.44,8.0,7.25,3.9166666666666665,168.5,6.0,0,High Value
C1206,738.52,7.0,16.61904761904762,9.476190476190476,249.80476190476193,5.666666666666667,2,Low Engagement
C1207,310.44,8.0,17.761904761904763,8.857142857142858,246.96666666666667,5.0,2,Low Engagement
C1208,60.76,4.0,1.75,1.0,159.9,5.5,0,High Value
C1209,658.68,5.0,5.0,2.5,224.76666666666665,7.0,3,Support Heavy
C1210,56.84,3.0,4.5,2.25,121.5875,5.0,0,High Value
C1211,294.52,7.0,17.333333333333332,8.333333333333334,337.1333333333333,5.0,2,Low Engagement
C1212,538.92,2.0,9.736842105263158,5.578947368421052,260.9263157894737,7.5,3,Support Heavy
C1213,214.92,2.0,8.5,6.5,217.65,6.0,3,Support Heavy
C1214,405.96,14.0,15.5,9.5,252.75,6.166666666666667,2,Low Engagement
C1215,60.76,4.0,3.6,1.2,278.4,5.2,3,Support Heavy
C1216,76.44,8.0,5.470588235294118,2.823529411764706,264.5705882352941,5.333333333333333,3,Support Heavy
C1217,1858.76,4.0,13.25,7.916666666666667,181.57500000000002,5.2,1,Growing Users
C1219,160.72,18.0,7.35,4.0,226.74,7.0,3,Support Heavy
C1220,658.68,5.0,11.347826086956522,6.478260869565218,256.2608695652174,4.6,3,Support Heavy
C1221,80.36,9.0,6.75,3.5,112.3375,6.333333333333333,0,High Value
C1222,818.36,9.0,13.25,8.75,253.325,4.75,2,Low Engagement
C1223,278.6,6.0,19.8,12.2,266.93999999999994,7.5,2,Low Engagement
C1225,129.36,10.0,10.058823529411764,6.117647058823529,212.33529411764704,6.25,3,Support Heavy
C1226,246.76,4.0,7.95,4.7,232.375,9.0,3,Support Heavy
C1227,698.6,6.0,6.4,4.0,156.8,6.5,0,High Value
C1228,230.84,3.0,1.4545454545454546,0.45454545454545453,172.52727272727273,4.666666666666667,0,High Value
C1229,72.52,7.0,7.454545454545454,4.454545454545454,248.7,1.5,3,Support Heavy
C1230,1009.04,14.0,5.117647058823529,2.588235294117647,170.71176470588236,6.666666666666667,0,High Value
C1231,246.76,4.0,15.384615384615385,8.0,250.23076923076923,5.5,2,Low Engagement
C1232,738.52,7.0,12.0,7.0,360.0333333333333,7.0,2,Low Engagement
C1233,578.84,3.0,13.4,6.6,267.24,7.333333333333333,2,Low Engagement
C1234,68.6,6.0,21.85,12.7,258.7,6.0,2,Low Engagement
C1235,68.6,6.0,3.2857142857142856,1.2857142857142858,237.08571428571426,5.5,3,Support Heavy
C1236,72.52,7.0,6.6,4.2,130.7,5.5,0,High Value
C1237,358.2,11.0,24.5,11.5,234.65,7.333333333333333,2,Low Engagement
C1238,88.2,11.0,6.9,3.7,177.035,4.0,0,High Value
C1239,1738.84,3.0,9.75,4.0,188.325,6.4,0,High Value
C1241,2098.6,6.0,11.823529411764707,6.9411764705882355,169.23529411764707,6.0,1,Growing Users
C1242,2648.88,16.0,3.5,1.5,292.4,5.333333333333333,1,Growing Users
C1243,64.68,5.0,19.0,11.23076923076923,288.2307692307692,5.0,2,Low Engagement
C1244,72.52,7.0,5.0,3.0,191.4,5.0,0,High Value
C1245,84.28,10.0,8.0,6.0,135.0,5.142857142857143,0,High Value
C1246,618.76,4.0,19.272727272727273,13.636363636363637,240.9909090909091,7.5,2,Low Engagement
C1247,738.52,7.0,10.4,6.4,321.36,4.6,3,Support Heavy
C1248,738.52,7.0,13.11111111111111,8.666666666666666,228.13333333333333,5.5,2,Low Engagement
C1249,698.6,6.0,13.666666666666666,7.0476190476190474,251.14285714285714,5.5,2,Low Engagement
C1250,1978.68,5.0,12.416666666666666,6.166666666666667,253.6833333333333,5.6,1,Growing Users
C1251,818.36,9.0,7.863636363636363,4.636363636363637,248.87727272727273,5.0,3,Support Heavy
C1252,2098.6,6.0,6.944444444444445,3.2222222222222223,142.83888888888887,4.0,0,High Value
C1253,156.8,17.0,6.0,3.0,150.81428571428572,6.25,0,High Value
C1254,310.44,8.0,7.809523809523809,4.238095238095238,228.65714285714287,5.0,3,Support Heavy
C1255,310.44,8.0,1.0,0.0,178.96666666666667,8.0,0,High Value
C1256,1978.68,5.0,10.2,5.3,267.56,4.75,1,Growing Users
C1257,1858.76,4.0,7.5,3.0,129.775,5.2,0,High Value
C1258,658.68,5.0,2.4,0.6,148.74,7.0,0,High Value
C1259,778.44,8.0,21.666666666666668,15.333333333333334,281.93333333333334,6.0,2,Low Engagement
C1260,818.36,7.0,10.052631578947368,5.315789473684211,265.69473684210527,6.25,3,Support Heavy
C1261,1978.68,5.0,14.25,7.75,86.3,5.0,0,High Value
C1262,342.28,10.0,16.11111111111111,9.555555555555555,241.5111111111111,6.0,2,Low Engagement
C1264,698.6,6.0,20.0,9.666666666666666,249.16666666666666,6.4,2,Low Engagement
C1265,294.52,7.0,4.2,2.2666666666666666,247.05333333333334,3.25,3,Support Heavy
C1266,342.28,10.0,17.5,9.777777777777779,260.7388888888889,7.0,2,Low Engagement
C1267,2098.6,6.0,6.5,3.6666666666666665,98.16666666666667,5.6,0,High Value
C1268,80.36,9.0,14.588235294117647,8.529411764705882,294.8294117647059,9.0,2,Low Engagement
C1269,294.52,7.0,7.0,3.6666666666666665,192.57500000000002,4.0,0,High Value
C1270,294.52,7.0,16.285714285714285,9.857142857142858,253.08571428571426,4.333333333333333,2,Low Engagement
C1271,294.52,7.0,18.0,14.0,424.2,6.0,2,Low Engagement
C1272,2218.52,7.0,4.222222222222222,1.6666666666666667,280.3888888888889,4.8,1,Growing Users
C1273,818.36,9.0,7.954545454545454,3.772727272727273,255.85,4.5,3,Support Heavy
C1274,342.28,10.0,10.333333333333334,3.0,212.80000000000004,2.0,3,Support Heavy
C1275,1499.0,1.0,10.692307692307692,7.0,190.41538461538462,7.0,0,High Value
C1276,246.76,4.0,11.0,6.2,196.12,7.0,0,High Value
C1277,294.52,8.0,4.684210526315789,2.1578947368421053,176.0578947368421,5.666666666666667,0,High Value
C1278,72.52,7.0,2.727272727272727,1.4545454545454546,173.9090909090909,8.0,0,High Value
C1279,80.36,9.0,4.142857142857143,1.7142857142857142,167.5142857142857,5.333333333333333,0,High Value
C1280,278.6,6.0,17.77777777777778,9.333333333333334,222.34444444444443,5.0,2,Low Engagement
C1281,2098.6,6.0,2.125,0.5,173.075,3.0,0,High Value
C1282,1978.68,5.0,11.0,7.0,297.4,5.0,1,Growing Users
C1283,84.28,10.0,5.190476190476191,2.2857142857142856,246.93333333333334,3.0,3,Support Heavy
C1284,1978.68,5.0,23.0,16.0,301.8,4.333333333333333,2,Low Engagement
C1285,778.44,8.0,2.2,0.65,263.385,5.5,3,Support Heavy
C1286,326.36,9.0,7.2,4.266666666666667,298.0933333333333,7.0,3,Support Heavy
C1287,230.84,3.0,2.3333333333333335,0.6,145.67999999999998,4.25,0,High Value
C1288,1618.92,2.0,16.25,9.25,310.475,9.0,2,Low Engagement
C1289,262.68,5.0,4.304347826086956,2.3043478260869565,255.58260869565217,5.0,3,Support Heavy
C1290,2578.28,10.0,21.45,13.15,265.625,7.25,1,Growing Users
C1291,60.76,4.0,19.0,16.0,279.85,7.75,2,Low Engagement
C1292,262.68,5.0,21.142857142857142,13.428571428571429,248.94285714285712,5.25,2,Low Engagement
C1293,278.6,6.0,3.7142857142857144,1.7142857142857142,232.58571428571432,6.0,3,Support Heavy
C1294,358.2,11.0,6.75,4.0,119.2625,6.0,0,High Value
C1296,658.68,5.0,11.73913043478261,7.260869565217392,240.5782608695652,7.25,2,Low Engagement
C1297,698.6,6.0,15.5625,8.0625,243.3,5.6,2,Low Engagement
C1298,56.84,3.0,4.095238095238095,2.4761904761904763,274.93809523809523,6.5,3,Support Heavy
C1299,374.12,12.0,5.294117647058823,2.2941176470588234,238.30588235294115,6.0,3,Support Heavy
C1300,278.6,6.0,20.0,12.052631578947368,256.1157894736842,6.666666666666667,2,Low Engagement
C1301,230.84,3.0,2.2,0.4,162.46,7.5,0,High Value
C1302,778.44,8.0,9.625,6.25,228.1875,4.333333333333333,3,Support Heavy
C1303,72.52,7.0,6.705882352941177,3.2941176470588234,221.6764705882353,4.857142857142857,3,Support Heavy
C1304,64.68,5.0,4.466666666666667,2.6666666666666665,260.32666666666665,3.5,3,Support Heavy
C1305,262.68,7.0,1.5,0.5,226.45,4.4,3,Support Heavy
C1306,72.52,7.0,8.285714285714286,3.5714285714285716,259.95714285714286,7.0,3,Support Heavy
C1307,278.6,6.0,19.875,12.9375,224.73125,6.5,2,Low Engagement
C1308,2458.36,9.0,3.3333333333333335,1.5,316.65000000000003,6.0,1,Growing Users
C1309,80.36,9.0,7.956521739130435,4.6521739130434785,270.4086956521739,7.333333333333333,3,Support Heavy
C1310,778.44,8.0,9.0,4.0,252.06,4.666666666666667,3,Support Heavy
C1311,64.68,5.0,2.25,0.75,172.125,6.0,0,High Value
C1312,326.36,9.0,4.6923076923076925,2.076923076923077,311.6461538461539,5.2,3,Support Heavy
C1313,1978.68,5.0,16.57894736842105,9.263157894736842,266.9842105263158,6.0,1,Growing Users
C1314,310.44,8.0,13.666666666666666,7.541666666666667,263.85833333333335,6.0,2,Low Engagement
C1315,52.92,2.0,15.333333333333334,9.0,275.48333333333335,6.0,2,Low Engagement
C1316,342.28,10.0,3.2941176470588234,1.411764705882353,250.04117647058823,4.5,3,Support Heavy
C1317,326.36,9.0,5.8,3.0,243.95999999999998,4.75,3,Support Heavy
C1318,64.68,5.0,8.125,4.375,256.3,6.0,3,Support Heavy
C1319,294.52,6.0,11.8,6.4,224.4,5.5,3,Support Heavy
C1320,326.36,9.0,13.5,7.875,129.6625,3.0,0,High Value
C1321,68.6,6.0,11.6,6.8,256.34000000000003,4.6,3,Support Heavy
C1322,294.52,7.0,11.6875,6.4375,222.25,5.8,3,Support Heavy
C1323,68.6,6.0,7.933333333333334,4.733333333333333,258.97999999999996,7.0,3,Support Heavy
C1324,2458.36,9.0,20.17391304347826,12.217391304347826,266.83478260869566,4.75,1,Growing Users
C1325,2338.44,8.0,4.55,2.4,268.61,5.0,1,Growing Users
C1326,76.44,8.0,17.045454545454547,9.090909090909092,257.0772727272727,4.0,2,Low Engagement
C1327,2098.6,6.0,11.708333333333334,7.5,287.8125,5.4,1,Growing Users
C1328,342.28,10.0,9.583333333333334,6.0,188.025,3.75,0,High Value
C1329,76.44,8.0,3.2857142857142856,1.1428571428571428,195.20000000000002,4.333333333333333,3,Support Heavy
C1330,538.92,2.0,3.05,1.25,262.085,3.0,3,Support Heavy
C1331,310.44,8.0,9.529411764705882,5.117647058823529,164.63529411764705,5.5,0,High Value
C1332,618.76,4.0,23.5,9.5,322.54999999999995,3.0,2,Low Engagement
C1333,278.6,6.0,11.142857142857142,6.285714285714286,151.21428571428572,4.4,0,High Value
C1335,778.44,8.0,21.823529411764707,13.235294117647058,227.86470588235292,4.75,2,Low Engagement
C1336,658.68,5.0,7.105263157894737,3.5789473684210527,249.79999999999998,2.0,3,Support Heavy
C1338,342.28,10.0,15.428571428571429,8.80952380952381,194.64285714285714,7.333333333333333,2,Low Engagement
C1339,278.6,6.0,8.652173913043478,5.086956521739131,235.98695652173913,4.0,3,Support Heavy
C1340,88.2,11.0,16.7,10.5,254.41,6.5,2,Low Engagement
C1341,2218.52,7.0,15.590909090909092,8.363636363636363,263.82272727272726,5.5,1,Growing Users
C1342,76.44,8.0,6.65,3.75,259.65,6.5,3,Support Heavy
C1344,262.68,5.0,19.235294117647058,10.588235294117647,244.58235294117645,8.0,2,Low Engagement
C1345,294.52,5.0,23.636363636363637,11.727272727272727,264.60909090909087,7.5,2,Low Engagement
C1346,326.36,9.0,18.666666666666668,15.0,216.66666666666666,6.0,2,Low Engagement
C1348,618.76,4.0,6.5,3.4285714285714284,229.7357142857143,5.666666666666667,3,Support Heavy
C1349,2458.36,9.0,7.0,4.090909090909091,255.56363636363633,5.333333333333333,1,Growing Users
C1350,1978.68,5.0,18.88888888888889,11.0,285.0444444444445,5.5,1,Growing Users
C1351,76.44,8.0,4.761904761904762,2.380952380952381,229.38095238095238,5.4,3,Support Heavy
C1352,2578.28,10.0,9.5,6.0,261.96999999999997,6.0,1,Growing Users
C1354,99.96,14.0,15.75,7.708333333333333,246.7458333333333,5.5,2,Low Engagement
C1355,294.52,11.0,8.666666666666666,4.0,214.23333333333335,5.0,3,Support Heavy
C1356,618.76,4.0,8.272727272727273,4.636363636363637,242.3272727272727,5.0,3,Support Heavy
C1357,262.68,5.0,9.708333333333334,5.583333333333333,248.15833333333333,6.333333333333333,3,Support Heavy
C1358,64.68,5.0,11.1875,5.75,155.23125,6.0,0,High Value
C1360,60.76,4.0,6.2,3.0,286.2,4.5,3,Support Heavy
C1361,658.68,5.0,19.0,7.0,222.23333333333335,5.0,2,Low Engagement
C1362,64.68,5.0,12.363636363636363,6.181818181818182,263.8727272727273,3.3333333333333335,3,Support Heavy
C1363,310.44,8.0,6.8,3.2,256.8,5.666666666666667,3,Support Heavy
C1364,1978.68,5.0,12.23076923076923,6.0,229.8846153846154,4.5,1,Growing Users
C1365,778.44,8.0,20.142857142857142,11.571428571428571,285.8,1.0,2,Low Engagement
C1366,278.6,6.0,15.285714285714286,8.428571428571429,307.4857142857143,5.666666666666667,2,Low Engagement
C1367,76.44,8.0,15.0,9.5,197.2,5.25,2,Low Engagement
C1368,52.92,2.0,14.75,7.75,200.6,7.333333333333333,2,Low Engagement
C1369,2098.6,6.0,19.5,13.5,193.3,5.2,1,Growing Users
C1370,658.68,5.0,8.357142857142858,4.0,241.12142857142857,5.5,3,Support Heavy
C1371,262.68,5.0,14.2,7.6,226.94666666666666,6.5,2,Low Engagement
C1372,294.52,7.0,22.5,11.333333333333334,234.9,5.666666666666667,2,Low Engagement
C1373,60.76,4.0,16.1875,9.0625,224.725,5.0,2,Low Engagement
C1374,778.44,8.0,14.0,6.846153846153846,218.56153846153848,6.333333333333333,2,Low Engagement
C1375,68.6,6.0,2.9545454545454546,1.4545454545454546,209.72727272727272,4.75,3,Support Heavy
C1376,310.44,8.0,20.526315789473685,12.473684210526315,235.3842105263158,7.0,2,Low Engagement
C1377,698.6,6.0,10.166666666666666,4.666666666666667,153.08333333333334,6.2,0,High Value
C1378,383.20000000000005,12.0,1.6428571428571428,0.5,151.92142857142858,3.0,0,High Value
C1379,60.76,4.0,13.909090909090908,8.272727272727273,251.1,6.833333333333333,2,Low Engagement
C1380,1618.92,2.0,14.0,8.0,148.82857142857142,6.25,0,High Value
C1381,2218.52,7.0,6.1,3.75,176.98499999999999,6.666666666666667,1,Growing Users
C1382,68.6,6.0,14.25,10.25,206.175,8.0,2,Low Engagement
C1383,92.12,12.0,3.0,1.4,239.28000000000003,5.833333333333333,3,Support Heavy
C1384,2098.6,6.0,12.2,7.4,291.04,7.0,1,Growing Users
C1385,2218.52,7.0,1.5,0.5,77.94999999999999,5.2,0,High Value
C1386,72.52,7.0,15.958333333333334,8.416666666666666,270.47499999999997,5.333333333333333,2,Low Engagement
C1387,310.44,8.0,19.8,12.0,218.83,6.75,2,Low Engagement
C1388,310.44,8.0,10.789473684210526,5.526315789473684,236.1157894736842,3.0,3,Support Heavy
C1389,738.52,7.0,11.416666666666666,5.5,206.64166666666665,3.5,3,Support Heavy
C1390,278.6,6.0,1.8,0.5,141.75,6.6,0,High Value
C1391,68.6,6.0,2.142857142857143,0.9285714285714286,251.6357142857143,5.2,3,Support Heavy
C1392,64.68,5.0,18.571428571428573,11.380952380952381,229.2047619047619,4.5,2,Low Engagement
C1393,278.6,6.0,22.333333333333332,12.2,259.84666666666664,6.333333333333333,2,Low Engagement
C1394,278.6,6.0,13.45,7.15,228.26500000000001,4.0,2,Low Engagement
C1395,3177.88,15.0,12.0,7.5,257.7,5.6,1,Growing Users
C1396,326.36,9.0,9.571428571428571,4.428571428571429,177.64285714285714,6.333333333333333,0,High Value
C1397,938.12,12.0,13.0,8.0,317.7,6.333333333333333,2,Low Engagement
C1398,326.36,9.0,3.4166666666666665,1.25,160.57500000000002,4.75,0,High Value
C1399,658.68,5.0,8.2,5.4,148.4,4.0,0,High Value
C1400,294.52,7.0,10.666666666666666,7.0,297.3,8.0,2,Low Engagement
C1401,342.28,10.0,2.7,1.0,202.13,5.25,3,Support Heavy
C1402,262.68,5.0,13.0,10.0,74.1,6.666666666666667,0,High Value
C1403,278.6,6.0,16.2,11.6,208.64000000000001,6.75,2,Low Engagement
C1404,778.44,8.0,9.7,6.2,280.01,6.5,3,Support Heavy
C1405,246.76,4.0,4.444444444444445,2.888888888888889,200.86666666666667,6.0,0,High Value
C1406,278.6,6.0,6.222222222222222,3.111111111111111,222.3111111111111,6.0,3,Support Heavy
C1407,738.52,7.0,19.333333333333332,12.333333333333334,237.63333333333333,6.5,2,Low Engagement
C1408,68.6,6.0,7.666666666666667,4.2,264.24666666666667,5.333333333333333,3,Support Heavy
C1409,68.6,6.0,7.7,4.6,141.4,8.5,0,High Value
C1410,326.36,9.0,12.4,7.4,167.14000000000001,5.0,0,High Value
C1412,2534.8,17.0,4.75,2.375,142.075,6.0,1,Growing Users
C1413,246.76,4.0,7.0625,3.5625,230.9125,7.666666666666667,3,Support Heavy
C1414,326.36,9.0,13.0,7.166666666666667,176.26666666666665,4.5,0,High Value
C1415,778.44,8.0,8.363636363636363,4.636363636363637,226.7,4.333333333333333,3,Support Heavy
C1416,658.68,5.0,17.083333333333332,8.5,255.1625,3.75,2,Low Engagement
C1417,326.36,9.0,7.5,2.5,154.25,5.0,0,High Value
C1418,326.36,9.0,7.384615384615385,4.230769230769231,247.8923076923077,2.0,3,Support Heavy
C1419,294.52,7.0,16.5,11.0,186.45,8.0,2,Low Engagement
C1420,278.6,6.0,5.454545454545454,2.6818181818181817,219.9818181818182,6.333333333333333,3,Support Heavy
C9000,326.36,9.0,2.6666666666666665,1.3333333333333333,147.73333333333332,4.0,0,High Value
C9001,278.6,6.0,21.11111111111111,13.666666666666666,226.55555555555554,6.6,2,Low Engagement
C9002,64.68,5.0,17.066666666666666,10.6,270.38666666666666,3.8333333333333335,2,Low Engagement
C9003,278.6,6.0,10.304347826086957,5.608695652173913,238.6086956521739,7.5,3,Support Heavy
C9004,1858.76,4.0,6.2,4.1,191.84,5.428571428571429,0,High Value
