CustomerID,CompanyName,TotalMRR,RevenueRank
C1049,"Farhan Gupta Labs",4676.88,1
C1194,"Zoya Bose Group",3957.3599999999997,2
C1395,"Deepak Patel Labs",3177.88,3
C1103,"Pooja Menon Group",3057.96,4
C1144,"Aditya Sharma Technologies",2698.2,5
C1242,"Deepak Bose Group",2648.88,6
C1034,"Sneha Rao Industries",2578.28,7
C1045,"Kavya Verma Solutions",2578.28,7
C1113,"Riya Iyer Technologies",2578.28,7
C1195,"Aman Gupta Labs",2578.28,7
C1290,"Riya Singh Systems",2578.28,7
C1352,"Aditya Patel Industries",2578.28,7
C1076,"Arun Khan Labs",2542.6400000000003,13
C1412,"Farhan Verma Solutions",2534.8,14
C1030,"Rohan Bose Solutions",2458.36,15
C1308,"Naveen Gupta Labs",2458.36,15
C1324,"Karthik Reddy Technologies",2458.36,15
C1349,"Krishna Joshi Systems",2458.36,15
C1166,"Deepak Joshi Industries",2338.44,19
C1204,"Aman Reddy Systems",2338.44,19
C1263,"Deepak Reddy Industries",2338.44,19
C1325,"Ishaan Reddy Group",2338.44,19
C1102,"Deepak Iyer Solutions",2218.52,23
C1156,"Diya Sharma Technologies",2218.52,23
C1198,"Ananya Sharma Labs",2218.52,23
C1272,"Pooja Joshi Industries",2218.52,23
C1341,"Isha Singh Group",2218.52,23
C1381,"Diya Nair Systems",2218.52,23
C1385,"Vihaan Das Group",2218.52,23
C1009,"Rohan Patel Technologies",2098.6,30
C1018,"Myra Khan Systems",2098.6,30
C1100,"Priya Gupta Solutions",2098.6,30
C1155,"Naveen Verma Technologies",2098.6,30
C1162,"Divya Nair Technologies",2098.6,30
C1241,"Rohan Iyer Group",2098.6,30
C1252,"Meera Sharma Industries",2098.6,30
C1267,"Nikita Rao Industries",2098.6,30
C1281,"Farhan Das Group",2098.6,30
C1327,"Nikita Menon Group",2098.6,30
C1369,"Meera Reddy Industries",2098.6,30
C1384,"Arjun Joshi Technologies",2098.6,30
C1012,"Meera Patel Labs",1978.68,42
C1035,"Arjun Gupta Industries",1978.68,42
C1037,"Diya Das Industries",1978.68,42
C1149,"Vivaan Verma Technologies",1978.68,42
C1182,"Arun Menon Labs",1978.68,42
C1250,"Sai Rao Industries",1978.68,42
C1256,"Sai Gupta Technologies",1978.68,42
C1261,"Reyansh Menon Labs",1978.68,42
C1282,"Nikita Menon Solutions",1978.68,42
C1284,"Zoya Das Group",1978.68,42
C1313,"Krishna Joshi Solutions",1978.68,42
C1334,"Sai Menon Group",1978.68,42
C1350,"Deepak Gupta Labs",1978.68,42
C1364,"Aarav Bose Labs",1978.68,42
C1013,"Farhan Das Industries",1931.28,56
C1094,"Isha Nair Solutions",1858.76,57
C1121,"Ishaan Singh Group",1858.76,57
C1201,"Naveen Patel Labs",1858.76,57
C1217,"Sai Iyer Industries",1858.76,57
C1257,"Vihaan Patel Solutions",1858.76,57
C1050,"Arun Khan Solutions",1825.3600000000001,62
C1239,"Pooja Nair Solutions",1738.84,63
C1006,"Sanjay Reddy Labs",1618.92,64
C1288,"Kiara Das Labs",1618.92,64
C1380,"Ishaan Reddy Labs",1618.92,64
C1275,"Nikita Verma Technologies",1499,67
C1202,"Karthik Iyer Labs",1112.88,68
C1230,"Ishaan Patel Industries",1009.04,69
C1016,"Diya Singh Industries",978.04,70
C1397,"Divya Reddy Group",938.12,71
C1065,"Priya Verma Systems",898.2,72
C1224,"Isha Patel Technologies",898.2,72
C1129,"Farhan Reddy Labs",858.28,74
C1203,"Saanvi Reddy Industries",858.28,74
C1008,"Nikita Gupta Solutions",818.36,76
C1054,"Arjun Bose Group",818.36,76
C1086,"Karthik Sharma Systems",818.36,76
C1098,"Myra Nair Systems",818.36,76
C1172,"Reyansh Menon Industries",818.36,76
C1184,"Meera Verma Group",818.36,76
C1222,"Aarav Verma Labs",818.36,76
C1251,"Diya Khan Group",818.36,76
C1260,"Meera Iyer Technologies",818.36,76
C1273,"Ananya Menon Systems",818.36,76
C1023,"Meera Menon Industries",778.44,86
C1027,"Vihaan Bose Group",778.44,86
C1079,"Arun Rao Industries",778.44,86
C1148,"Divya Bose Solutions",778.44,86
C1151,"Aman Gupta Solutions",778.44,86
C1188,"Tara Rao Industries",778.44,86
C1205,"Isha Joshi Labs",778.44,86
C1259,"Priya Reddy Systems",778.44,86
C1285,"Isha Verma Solutions",778.44,86
C1302,"Ishaan Singh Industries",778.44,86
C1310,"Riya Das Technologies",778.44,86
C1335,"Karthik Rao Systems",778.44,86
C1365,"Diya Joshi Industries",778.44,86
C1374,"Ananya Joshi Industries",778.44,86
C1404,"Rahul Nair Labs",778.44,86
C1415,"Sneha Rao Group",778.44,86
C1132,"Sneha Khan Solutions",775.04,102
C1075,"Ishaan Khan Industries",738.52,103
C1117,"Arun Gupta Labs",738.52,103
C1186,"Diya Rao Technologies",738.52,103
C1206,"Zoya Gupta Group",738.52,103
C1232,"Rohan Bose Systems",738.52,103
C1247,"Karthik Sharma Technologies",738.52,103
C1248,"Farhan Bose Solutions",738.52,103
C1389,"Meera Sharma Industries",738.52,103
C1407,"Meera Gupta Labs",738.52,103
C1154,"Kiara Das Group",723.3599999999999,112
C1026,"Vivaan Singh Solutions",698.6,113
C1029,"Sai Khan Technologies",698.6,113
C1043,"Aadhya Khan Systems",698.6,113
C1105,"Riya Gupta Labs",698.6,113
C1227,"Karthik Das Industries",698.6,113
C1249,"Ananya Singh Solutions",698.6,113
C1264,"Aarav Nair Solutions",698.6,113
C1297,"Naveen Sharma Technologies",698.6,113
C1377,"Zoya Bose Technologies",698.6,113
C1007,"Sai Das Technologies",658.68,122
C1048,"Aman Singh Labs",658.68,122
C1056,"Kavya Rao Systems",658.68,122
C1059,"Myra Verma Labs",658.68,122
C1093,"Aarav Joshi Technologies",658.68,122
C1111,"Priya Khan Industries",658.68,122
C1169,"Reyansh Menon Solutions",658.68,122
C1209,"Rahul Khan Systems",658.68,122
C1220,"Diya Rao Solutions",658.68,122
C1258,"Myra Verma Technologies",658.68,122
C1296,"Saanvi Khan Group",658.68,122
C1336,"Sai Reddy Industries",658.68,122
C1359,"Aman Rao Group",658.68,122
C1361,"Meera Khan Systems",658.68,122
C1370,"Arun Joshi Group",658.68,122
C1399,"Aman Patel Technologies",658.68,122
C1416,"Sneha Sharma Systems",658.68,122
C1005,"Tara Joshi Systems",618.76,139
C1085,"Aditya Reddy Group",618.76,139
C1091,"Myra Nair Solutions",618.76,139
C1153,"Aadhya Patel Solutions",618.76,139
C1246,"Aditya Sharma Group",618.76,139
C1332,"Diya Singh Labs",618.76,139
C1348,"Aditya Menon Labs",618.76,139
C1356,"Divya Joshi Industries",618.76,139
C1150,"Rahul Singh Technologies",578.84,147
C1187,"Pooja Gupta Group",578.84,147
C1233,"Deepak Patel Labs",578.84,147
C1212,"Sai Verma Solutions",538.92,150
C1330,"Ananya Sharma Group",538.92,150
C1131,"Aditya Menon Industries",525.36,152
C1041,"Sanjay Khan Systems",437.8,153
C1214,"Sneha Sharma Technologies",405.96,154
C1183,"Sanjay Gupta Labs",402.8,155
C1052,"Aadhya Reddy Labs",390.04,156
C1378,"Sneha Reddy Solutions",383.20000000000005,157
C1299,"Rahul Iyer Group",374.12,158
C1062,"Kavya Das Solutions",358.2,159
C1237,"Arun Rao Systems",358.2,159
C1294,"Meera Singh Group",358.2,159
C1033,"Arun Sharma Industries",342.28,162
C1137,"Arun Verma Labs",342.28,162
C1190,"Myra Joshi Solutions",342.28,162
C1262,"Arun Joshi Group",342.28,162
C1266,"Arun Nair Systems",342.28,162
C1274,"Aadhya Khan Systems",342.28,162
C1316,"Deepak Reddy Group",342.28,162
C1328,"Karthik Nair Labs",342.28,162
C1338,"Aadhya Singh Systems",342.28,162
C1401,"Naveen Gupta Solutions",342.28,162
C1019,"Deepak Nair Labs",326.36,172
C1040,"Reyansh Nair Labs",326.36,172
C1067,"Tara Khan Group",326.36,172
C1071,"Arjun Patel Labs",326.36,172
C1090,"Aarav Menon Group",326.36,172
C1142,"Kavya Reddy Technologies",326.36,172
C1178,"Isha Menon Solutions",326.36,172
C1286,"Krishna Khan Solutions",326.36,172
C1312,"Saanvi Bose Labs",326.36,172
C1317,"Divya Patel Systems",326.36,172
C1320,"Vihaan Nair Labs",326.36,172
C1346,"Krishna Sharma Group",326.36,172
C1396,"Sai Joshi Systems",326.36,172
C1398,"Zoya Rao Group",326.36,172
C1410,"Isha Khan Technologies",326.36,172
C1414,"Zoya Joshi Solutions",326.36,172
C1417,"Naveen Patel Technologies",326.36,172
C1418,"Naveen Patel Technologies",326.36,172
C1053,"Sanjay Joshi Group",310.44,190
C1061,"Isha Gupta Group",310.44,190
C1080,"Rohan Sharma Group",310.44,190
C1088,"Reyansh Das Technologies",310.44,190
C1096,"Deepak Gupta Labs",310.44,190
C1120,"Pooja Rao Solutions",310.44,190
C1122,"Aarav Gupta Technologies",310.44,190
C1189,"Kiara Patel Group",310.44,190
C1207,"Sneha Gupta Technologies",310.44,190
C1254,"Rohan Nair Technologies",310.44,190
C1255,"Riya Joshi Labs",310.44,190
C1314,"Isha Joshi Industries",310.44,190
C1331,"Krishna Bose Industries",310.44,190
C1363,"Pooja Gupta Group",310.44,190
C1376,"Vivaan Khan Systems",310.44,190
C1387,"Arun Nair Solutions",310.44,190
C1388,"Sai Bose Group",310.44,190
C1028,"Ananya Gupta Solutions",294.52,207
C1031,"Isha Khan Technologies",294.52,207
C1046,"Tara Patel Industries",294.52,207
C1074,"Priya Khan Group",294.52,207
C1082,"Aadhya Nair Systems",294.52,207
C1084,"Meera Patel Industries",294.52,207
C1089,"Reyansh Bose Solutions",294.52,207
C1101,"Zoya Bose Industries",294.52,207
C1110,"Tara Sharma Solutions",294.52,207
C1136,"Deepak Bose Group",294.52,207
C1146,"Priya Iyer Technologies",294.52,207
C1152,"Nikita Verma Technologies",294.52,207
C1171,"Aditya Khan Industries",294.52,207
C1185,"Zoya Rao Labs",294.52,207
C1211,"Krishna Iyer Solutions",294.52,207
C1265,"Aditya Reddy Solutions",294.52,207
C1269,"Aadhya Patel Solutions",294.52,207
C1270,"Farhan Menon Group",294.52,207
C1271,"Myra Gupta Industries",294.52,207
C1277,"Kiara Gupta Industries",294.52,207
C1319,"Divya Bose Group",294.52,207
C1322,"Arjun Khan Systems",294.52,207
C1345,"Rahul Gupta Group",294.52,207
C1355,"Nikita Reddy Technologies",294.52,207
C1372,"Isha Joshi Group",294.52,207
C1400,"Arjun Bose Solutions",294.52,207
C1419,"Diya Nair Industries",294.52,207
C1001,"Ishaan Joshi Systems",278.6,234
C1003,"Zoya Das Systems",278.6,234
C1010,"Tara Iyer Labs",278.6,234
C1072,"Rohan Gupta Technologies",278.6,234
C1118,"Ishaan Reddy Group",278.6,234
C1124,"Krishna Sharma Systems",278.6,234
C1127,"Divya Gupta Labs",278.6,234
C1140,"Aarav Nair Systems",278.6,234
C1141,"Ananya Joshi Industries",278.6,234
C1163,"Meera Menon Industries",278.6,234
C1167,"Aarav Patel Labs",278.6,234
C1193,"Diya Menon Systems",278.6,234
C1199,"Aman Singh Labs",278.6,234
C1223,"Vihaan Joshi Industries",278.6,234
C1280,"Aman Patel Systems",278.6,234
C1293,"Tara Joshi Systems",278.6,234
C1295,"Aman Joshi Group",278.6,234
C1300,"Krishna Sharma Solutions",278.6,234
C1307,"Rahul Reddy Technologies",278.6,234
C1333,"Aditya Nair Systems",278.6,234
C1339,"Nikita Iyer Group",278.6,234
C1366,"Kavya Verma Labs",278.6,234
C1390,"Rahul Reddy Labs",278.6,234
C1393,"Sneha Bose Technologies",278.6,234
C1394,"Sai Menon Group",278.6,234
C1403,"Sai Khan Labs",278.6,234
C1406,"Vihaan Joshi Group",278.6,234
C1420,"Arun Gupta Technologies",278.6,234
C1011,"Rohan Iyer Solutions",262.68,262
C1025,"Diya Singh Labs",262.68,262
C1051,"Priya Gupta Labs",262.68,262
C1068,"Ananya Gupta Industries",262.68,262
C1109,"Kiara Verma Industries",262.68,262
C1147,"Vivaan Khan Technologies",262.68,262
C1289,"Karthik Patel Systems",262.68,262
C1292,"Divya Sharma Technologies",262.68,262
C1305,"Ananya Reddy Solutions",262.68,262
C1344,"Naveen Verma Technologies",262.68,262
C1357,"Saanvi Menon Labs",262.68,262
C1371,"Nikita Singh Technologies",262.68,262
C1402,"Rohan Reddy Industries",262.68,262
C1411,"Saanvi Verma Technologies",262.68,262
C1002,"Tara Sharma Technologies",246.76,276
C1015,"Sanjay Gupta Industries",246.76,276
C1024,"Vivaan Verma Solutions",246.76,276
C1038,"Sneha Menon Industries",246.76,276
C1044,"Krishna Bose Solutions",246.76,276
C1135,"Nikita Menon Solutions",246.76,276
C1161,"Sneha Das Systems",246.76,276
C1226,"Ishaan Patel Industries",246.76,276
C1231,"Aditya Patel Group",246.76,276
C1276,"Myra Reddy Industries",246.76,276
C1405,"Deepak Gupta Labs",246.76,276
C1413,"Kiara Joshi Solutions",246.76,276
C1157,"Meera Joshi Solutions",230.84,288
C1174,"Vivaan Verma Systems",230.84,288
C1181,"Isha Reddy Labs",230.84,288
C1228,"Kiara Sharma Solutions",230.84,288
C1287,"Farhan Nair Industries",230.84,288
C1301,"Sanjay Verma Industries",230.84,288
C1337,"Rohan Patel Systems",230.84,288
C1213,"Nikita Verma Labs",214.92,295
C1106,"Ananya Singh Group",199,296
C1219,"Tara Nair Group",160.72,297
C1253,"Karthik Rao Solutions",156.8,298
C1225,"Diya Patel Industries",129.36,299
C1196,"Ananya Singh Industries",99.96,300
C1354,"Vivaan Reddy Group",99.96,300
C1126,"Sneha Iyer Group",96.04,302
C1123,"Vihaan Joshi Solutions",92.12,303
C1383,"Myra Patel Solutions",92.12,303
C1066,"Ishaan Reddy Solutions",88.2,305
C1099,"Ishaan Patel Group",88.2,305
C1115,"Rahul Rao Labs",88.2,305
C1125,"Kiara Verma Systems",88.2,305
C1128,"Sneha Rao Industries",88.2,305
C1143,"Reyansh Menon Solutions",88.2,305
C1197,"Sanjay Menon Industries",88.2,305
C1238,"Tara Gupta Technologies",88.2,305
C1340,"Zoya Joshi Technologies",88.2,305
C1073,"Vivaan Menon Group",84.28,314
C1138,"Meera Sharma Labs",84.28,314
C1158,"Farhan Nair Labs",84.28,314
C1192,"Deepak Nair Technologies",84.28,314
C1218,"Reyansh Joshi Group",84.28,314
C1245,"Aadhya Sharma Labs",84.28,314
C1283,"Kiara Nair Industries",84.28,314
C1004,"Diya Joshi Labs",80.36,321
C1036,"Krishna Sharma Solutions",80.36,321
C1047,"Rohan Das Technologies",80.36,321
C1060,"Aarav Reddy Systems",80.36,321
C1069,"Aadhya Joshi Systems",80.36,321
C1077,"Krishna Nair Industries",80.36,321
C1083,"Deepak Das Group",80.36,321
C1114,"Aadhya Das Industries",80.36,321
C1116,"Isha Gupta Group",80.36,321
C1130,"Nikita Iyer Technologies",80.36,321
C1133,"Divya Nair Solutions",80.36,321
C1159,"Deepak Bose Systems",80.36,321
C1164,"Saanvi Menon Systems",80.36,321
C1221,"Rahul Gupta Solutions",80.36,321
C1268,"Deepak Patel Industries",80.36,321
C1279,"Divya Verma Solutions",80.36,321
C1309,"Diya Gupta Labs",80.36,321
C1021,"Vivaan Singh Systems",76.44,338
C1039,"Arjun Iyer Systems",76.44,338
C1057,"Reyansh Joshi Industries",76.44,338
C1078,"Rohan Patel Group",76.44,338
C1170,"Diya Verma Industries",76.44,338
C1173,"Kiara Bose Labs",76.44,338
C1216,"Nikita Khan Systems",76.44,338
C1326,"Naveen Sharma Labs",76.44,338
C1329,"Kavya Das Group",76.44,338
C1342,"Divya Joshi Systems",76.44,338
C1351,"Priya Gupta Systems",76.44,338
C1367,"Kiara Gupta Industries",76.44,338
C1095,"Aarav Das Industries",72.52,350
C1104,"Farhan Iyer Group",72.52,350
C1112,"Aarav Singh Labs",72.52,350
C1119,"Deepak Verma Systems",72.52,350
C1165,"Arjun Das Solutions",72.52,350
C1176,"Sneha Khan Technologies",72.52,350
C1177,"Isha Gupta Group",72.52,350
C1229,"Farhan Verma Technologies",72.52,350
C1236,"Saanvi Rao Industries",72.52,350
C1244,"Myra Sharma Industries",72.52,350
C1278,"Meera Sharma Industries",72.52,350
C1303,"Farhan Khan Systems",72.52,350
C1306,"Ananya Nair Systems",72.52,350
C1343,"Isha Iyer Technologies",72.52,350
C1347,"Deepak Khan Solutions",72.52,350
C1386,"Naveen Singh Technologies",72.52,350
C1014,"Rahul Patel Industries",68.6,366
C1020,"Saanvi Menon Group",68.6,366
C1055,"Arun Rao Technologies",68.6,366
C1064,"Riya Sharma Technologies",68.6,366
C1092,"Aman Sharma Solutions",68.6,366
C1097,"Diya Gupta Industries",68.6,366
C1108,"Saanvi Joshi Systems",68.6,366
C1139,"Arjun Menon Group",68.6,366
C1145,"Pooja Reddy Solutions",68.6,366
C1160,"Ishaan Singh Group",68.6,366
C1180,"Rahul Menon Labs",68.6,366
C1191,"Sai Patel Industries",68.6,366
C1234,"Farhan Singh Industries",68.6,366
C1235,"Vivaan Bose Technologies",68.6,366
C1321,"Nikita Sharma Group",68.6,366
C1323,"Pooja Verma Labs",68.6,366
C1353,"Farhan Gupta Labs",68.6,366
C1375,"Tara Bose Group",68.6,366
C1382,"Sai Singh Systems",68.6,366
C1391,"Nikita Verma Industries",68.6,366
C1408,"Aarav Reddy Labs",68.6,366
C1409,"Saanvi Iyer Industries",68.6,366
C1022,"Rahul Singh Technologies",64.68,388
C1058,"Riya Das Labs",64.68,388
C1070,"Kiara Das Solutions",64.68,388
C1081,"Ananya Nair Group",64.68,388
C1107,"Isha Nair Technologies",64.68,388
C1240,"Aadhya Gupta Group",64.68,388
C1243,"Aditya Patel Solutions",64.68,388
C1304,"Karthik Sharma Group",64.68,388
C1311,"Kavya Rao Labs",64.68,388
C1318,"Vihaan Sharma Labs",64.68,388
C1358,"Diya Das Systems",64.68,388
C1362,"Aditya Patel Solutions",64.68,388
C1392,"Ananya Rao Industries",64.68,388
C1017,"Rahul Reddy Solutions",60.76,401
C1032,"Naveen Menon Industries",60.76,401
C1042,"Meera Iyer Industries",60.76,401
C1087,"Diya Iyer Labs",60.76,401
C1179,"Sneha Iyer Solutions",60.76,401
C1200,"Kavya Rao Industries",60.76,401
C1208,"Deepak Das Group",60.76,401
C1215,"Zoya Patel Solutions",60.76,401
C1291,"Diya Rao Systems",60.76,401
C1360,"Deepak Gupta Group",60.76,401
C1373,"Naveen Patel Group",60.76,401
C1379,"Pooja Rao Labs",60.76,401
C1063,"Rahul Menon Systems",56.84,413
C1134,"Tara Reddy Industries",56.84,413
C1168,"Aditya Joshi Solutions",56.84,413
C1175,"Pooja Bose Solutions",56.84,413
C1210,"Deepak Patel Technologies",56.84,413
C1298,"Riya Menon Systems",56.84,413
C1315,"Arjun Das Solutions",52.92,419
C1368,"Priya Singh Solutions",52.92,419
